H_all113,H_all114,H_all126,H_all125,H_all97,H_all98,H_all122,H_all121,H_all103,H_all104,H_all110,H_all109,H_all112,H_all111,H_all144,H_all143,H_all153,H_all154,H_all25,H_all26,H_all88,H_all87,H_all3,H_all4,H_all102,H_all101,H_all132,H_all133,H_all134,H_all131,H_all141,H_all142,H_all99,H_all100,H_all92,H_all91,Age,Sex
1.51830481108908,1.53570845168318,1.60313433544982,1.58367833776968,1.52276285945911,1.54599014762867,1.5374995552314,1.60207236325719,1.59332397875964,1.57116582722434,1.57230777958065,1.56227046069054,1.6113740120585,1.62120100163206,1.53296273829081,1.55902070337584,1.53558898739706,1.49688706402256,1.54269990249282,1.53942978193568,1.5338236350744,1.48532294740844,1.61245328334576,1.64320066411685,1.560231973515,1.58193157719413,1.54616525060241,1.62143915473045,1.64780714620431,1.66307965510261,1.57063749826241,1.6041120210809,1.58386825009903,1.57557615944757,1.58920266946975,1.64314948027628,2.9,Female
1.58355268235279,1.59156109456831,1.59164543775826,1.56841409531144,1.59601225521167,1.61362423076895,1.58811057086855,1.58309156829517,1.62692277104631,1.56143989662518,1.55576806442251,1.60479806428965,1.54395647498024,1.50449506049708,1.60865465762782,1.57611651454066,1.49950424401119,1.52306737271607,1.5708086842623,1.55445478347932,1.52369128173647,1.55601975571049,1.61289748298432,1.64138981404753,1.5764238101172,1.63143691151907,1.58530300519844,1.57889603042663,1.57213915744224,1.67512845210893,1.58928626910303,1.58440004829671,1.60002584126273,1.60678041611419,1.595221952301,1.57177706549873,2.9,Female
1.63085998789288,1.63885167431072,1.55704763019343,1.54158820766895,1.5844464093033,1.61451708110384,1.62289593429992,1.61415813649623,1.63518427311043,1.59281903619074,1.65001763199252,1.62061148938234,1.59712037395068,1.57535328623834,1.61361757838935,1.6468839759661,1.55354123678501,1.50508450798065,1.54846504251421,1.57289145324299,1.53709861247759,1.51146203809735,1.63403812328057,1.58683373804497,1.58997734205699,1.61740935763547,1.61698476030832,1.61632631721925,1.63856735441053,1.64683479174086,1.64878912068573,1.59328853065358,1.67413904458314,1.62216279515652,1.6285495350727,1.62457835103568,2.9,Female
1.58960821602893,1.56637145100756,1.55509540107313,1.60715264016297,1.6072424852343,1.5858424152923,1.56872731986641,1.59410217002013,1.61934906340219,1.56616447459859,1.5454045873408,1.59167769110749,1.54800802490931,1.59737069660571,1.57144661284023,1.55735920703478,1.62254744907565,1.58556395393712,1.61643812059261,1.59261862554536,1.53453854356065,1.62652881760978,1.50821580043687,1.53275288290775,1.55798702842511,1.57800792573652,1.59406057688316,1.59957384606785,1.59815815128241,1.58478991530621,1.57684268167968,1.6063403393151,1.63304302237981,1.63226105449485,1.60599635361188,1.60300087979253,3.0,Female
1.62858938268982,1.62928998218774,1.59454145313928,1.65774946626137,1.60009238176608,1.63895546546377,1.66300467103897,1.65739417869222,1.65477253389679,1.58838792547466,1.64288372512038,1.67292725560602,1.54717154803967,1.57341748220649,1.62773059407724,1.63885446489015,1.68826746568032,1.60361643741328,1.57272317889944,1.57493262088644,1.56820017792142,1.56078762103552,1.64489416858771,1.62385614872471,1.59318830476482,1.62333395072121,1.57637531609113,1.63565061812273,1.62107649333403,1.55447049599638,1.55179981057258,1.60911725203108,1.61787842003522,1.62811730666483,1.60706181525668,1.65847654311585,3.0,Male
1.57329417647201,1.56221832951118,1.55828868200194,1.48447838608453,1.62440924809717,1.61037572436032,1.59180252656715,1.62140402586716,1.58316808267189,1.5899286408645,1.60115379780914,1.61043915669306,1.60741457493061,1.59440618771592,1.56402602102676,1.57975313847265,1.51849825769798,1.52250966959232,1.52357825785986,1.56151763496288,1.55621920974992,1.53950164384702,1.53842447828944,1.58689307098105,1.65109413617067,1.64365574811344,1.59051693740836,1.66235056764901,1.66210610486407,1.61363772967353,1.54688707831956,1.55733064027722,1.54651161564206,1.5623575664213,1.59600823907276,1.59637153995805,3.0,Male
1.54516583370729,1.58256310385981,1.54783341040136,1.55622649731184,1.51663483073268,1.60568759686333,1.55765915530335,1.57094096883089,1.54634698530955,1.63436358400665,1.54586843097972,1.6174323116719,1.57099946188998,1.56420368397729,1.60293326896275,1.59463281050171,1.60339354206236,1.57089977834474,1.56783438136789,1.57985367397122,1.58253991119269,1.5919476384681,1.55964130042079,1.65125506244123,1.59303628858824,1.59409965800566,1.546844611311,1.57334014924079,1.62326325710425,1.55171682361401,1.56341259365858,1.56216294020943,1.59206555983578,1.51924190503963,1.53083745878539,1.49404923556792,2.0,Male
1.59190255744704,1.62218130790709,1.57790232852259,1.59119810873053,1.62167244488316,1.55221069593171,1.62033127589713,1.6458145070625,1.5523389543503,1.55569445348085,1.55798865858808,1.60113192822774,1.60299123431308,1.54975771662826,1.53889137235274,1.62290432328658,1.59860979814392,1.57253689083065,1.58025690200508,1.50195475208459,1.51874412642092,1.61490777219388,1.59442288481723,1.61139908707872,1.60985194976196,1.5616168055732,1.56730986249499,1.56633992946315,1.57293655823132,1.60910677268951,1.57564994747179,1.56043688974836,1.59639061423077,1.52319019510876,1.58616255629221,1.50276549426141,2.0,Male
1.67386958268258,1.65639825204476,1.5840420981641,1.63006242095964,1.62144470095079,1.60408839911156,1.65876496262822,1.6080720047612,1.57309060588298,1.60479426268436,1.62198369079794,1.59222444455416,1.60734407743946,1.55642395969711,1.59529193325676,1.57959015169314,1.52026167134125,1.55254109155703,1.55157062362638,1.57233733362992,1.5278113860906,1.53154256481184,1.63244070963937,1.55166683021293,1.52981950612036,1.57405604938802,1.58803963800407,1.57259517036268,1.56346117088564,1.6114116305928,1.56506679613411,1.58034603923001,1.5526072030536,1.66069329444055,1.59206757148394,1.57299175518995,2.0,Male
1.57856447752163,1.59191006272778,1.5686275136553,1.57650332689638,1.56729525972204,1.59531950303334,1.54904193830244,1.65889686664247,1.64651885106677,1.62055652743374,1.66523270747564,1.65771035051802,1.58394738936892,1.57831966500496,1.56390073738601,1.55123488518669,1.56815563119699,1.60152257008877,1.5662736850847,1.53376843453694,1.54333388295165,1.58004256379025,1.54081129474568,1.54187398630904,1.61954479987353,1.57334295794238,1.49267841275675,1.60607610345441,1.60718004258432,1.51575326249131,1.60260611860729,1.52683370440527,1.58312923978681,1.54170541882481,1.58442334923453,1.53684730272956,2.0,Male
1.61636964592892,1.62671179748704,1.593068159583,1.63012380107659,1.59137682416623,1.64940792154798,1.60806227253651,1.60260749494489,1.62982293413107,1.60385745247165,1.57404578677683,1.56066044180172,1.58698203550042,1.56097040817077,1.61087615484725,1.60753054090187,1.55511677082551,1.57926473455107,1.57485518149808,1.55229797202023,1.53442696664218,1.59139844225795,1.5878032116636,1.61699958035699,1.56649280370732,1.55212859417374,1.57863684125123,1.64321539546971,1.62990137492485,1.57446528209964,1.6289194773212,1.61605815695177,1.63235260936192,1.53623493353338,1.57010913952087,1.57648525551553,2.0,Male
1.57254999433262,1.53392233675695,1.5673280252938,1.56254779699179,1.60407590801192,1.53183652759035,1.56917782353156,1.57889703017696,1.56930606596709,1.56499498115826,1.56510428669766,1.6225425048882,1.52475325495991,1.58571972853793,1.59092446175556,1.61755207437207,1.53869520969731,1.57723298936709,1.59803180038046,1.57698439830681,1.58265462083884,1.58342653077929,1.62969773771032,1.65411975224834,1.54087115666816,1.53199558680717,1.55842815193766,1.50446946552016,1.55815052424847,1.50296095076725,1.60149048830611,1.61538517432036,1.55177212775775,1.65938533530615,1.54223196207781,1.56011033496534,2.0,Female
1.51758004159292,1.56406287832247,1.53240430229394,1.57848806159528,1.57969029305085,1.58896890090383,1.59143895411779,1.54934726988548,1.54222640842006,1.60783151096561,1.52691216839023,1.55479434739,1.55638030385854,1.57800090389945,1.56398769288477,1.54910257443887,1.58217442108564,1.55233955393877,1.52640773393895,1.54676957663658,1.5898590765537,1.56468449055942,1.63603519525152,1.59524278989271,1.54902883956452,1.5612721903112,1.5644556614345,1.56369115912414,1.52511233633385,1.5761422766764,1.58427518101718,1.61308152326557,1.57381411097288,1.55649463785041,1.50359771075229,1.52639725025652,2.0,Female
1.55076451971127,1.59901270017733,1.55314241607773,1.55676235593969,1.5280782098132,1.48000444557004,1.61903870449783,1.56546784654691,1.56280108268461,1.58869687794872,1.60760664392869,1.55646242357609,1.64160463195451,1.58533096373841,1.64178431483656,1.58211626555845,1.6000662212725,1.62784091844773,1.62922860883448,1.67642237084503,1.6028065193861,1.6632857673739,1.566347810388,1.58481237600015,1.57891224668047,1.58848317497481,1.61125658954762,1.57435350169751,1.59618422962059,1.53017699716368,1.588877566395,1.51075341416987,1.5942194363336,1.61417312867444,1.60003420538081,1.56672233056669,2.0,Female
1.53594791507913,1.55459543857858,1.60023609964012,1.62643585584829,1.591351551895,1.57712914114787,1.5779817449052,1.59138791138303,1.53645340668744,1.60814556339718,1.55863778024244,1.56824364355326,1.62017869219663,1.65450979541796,1.58552355300346,1.62044292578208,1.62893409410043,1.5893284952108,1.57862567526408,1.56674316094779,1.52638589016284,1.59005101580934,1.60982740596556,1.55636298393132,1.55881137372336,1.5815776774309,1.6081047502733,1.48952010167683,1.52593161192414,1.56569685142157,1.60479616639569,1.55830831639793,1.59324629459413,1.58598989598376,1.57979192452064,1.55053611929483,2.0,Female
1.55761201658592,1.56370224116835,1.6062640392296,1.57556562165992,1.52327946987906,1.63286784526357,1.55274180469831,1.5654175478977,1.64997962074613,1.65454611112627,1.64712084320571,1.5729436979652,1.56521124099701,1.60521401572381,1.61844151660894,1.5293843793645,1.54340070415288,1.50021051038715,1.53781208236104,1.54699353016573,1.59545715736695,1.48326460361279,1.51447586666235,1.61168906340893,1.57585836515018,1.6197020454869,1.56069646244574,1.61834237127352,1.58740918773404,1.60157199828802,1.56416439471069,1.61698727021417,1.57469611379989,1.64598782661659,1.55619194190107,1.57659976084801,2.0,Female
1.57436111613378,1.60228266611364,1.58505728235656,1.52090815540005,1.59421155385682,1.54819692533849,1.54368751762835,1.62501838266488,1.57910570201665,1.54564500252093,1.61815404203251,1.5797199982558,1.58392603836998,1.61751836477731,1.58655538323117,1.60131054868154,1.54578901722339,1.60426630605576,1.52494001709578,1.61277900563578,1.55912070462833,1.54920722073012,1.6086825302938,1.57238342196654,1.61272589755468,1.62286369067513,1.6276279886982,1.60277057664698,1.55590889442942,1.59863422136602,1.58537795340423,1.58459636110086,1.56214834556349,1.54488396062112,1.5657649522573,1.56678366451393,2.0,Male
1.57615615130766,1.60812409862557,1.57294687026037,1.5914076825303,1.55405382217016,1.61139471947754,1.56694787247203,1.63254198767632,1.60640604246816,1.55634782227382,1.63603191813827,1.577030843289,1.5895293890633,1.63082021073263,1.62819602518859,1.59047927774765,1.53882667322992,1.54933779713721,1.60353566732531,1.57426877932893,1.52302008560339,1.60092566209658,1.59304363888367,1.62309094906042,1.59715317798914,1.55147665365981,1.55050607121792,1.57210173883644,1.60644873367095,1.57086736724535,1.57301034087587,1.62325938289459,1.65472447042167,1.6398554956681,1.67364193252932,1.54009819312477,2.0,Male
1.57461071199005,1.58694473459348,1.5599492962111,1.54856667077648,1.62862964508456,1.62722466644363,1.52238649100191,1.53093320265381,1.56404451360977,1.5753428257239,1.55587477738516,1.5608949633938,1.54657320934096,1.60744246737746,1.54606161673572,1.59109929470302,1.54794897028578,1.55086091089448,1.58259780091714,1.58697170890163,1.57689229898513,1.59966600019108,1.61376944944088,1.57333043264843,1.55418075003926,1.56537490368917,1.59425581508549,1.56066654895592,1.565359048516,1.50511007871386,1.56792823114653,1.58114702026997,1.58339909199195,1.58035473334614,1.52787794424944,1.58341489625623,2.0,Male
1.52893425418787,1.54703093115391,1.64336091012709,1.58502252278722,1.5824436864117,1.58009298028865,1.60194260861881,1.65367572906102,1.62849000261456,1.55605281081054,1.53863688872325,1.59367968040419,1.61016343734556,1.6086152546439,1.58913416045269,1.62498139400977,1.55530968030407,1.61022292915893,1.53481023900496,1.62134374131756,1.55134951928359,1.53126681794056,1.62233842321264,1.64121017326314,1.61515096165549,1.54061063322147,1.62187340933007,1.60531516855629,1.60049535996354,1.65052145283853,1.56842719670955,1.58727696090151,1.61690496951659,1.57944408424256,1.63109467432228,1.61142766978853,2.0,Male
1.62840325948219,1.58384537706158,1.54386674890786,1.60464461719955,1.58219408426337,1.63477169447683,1.56845169138836,1.5701590671304,1.58648159758379,1.6766826643615,1.61003785030372,1.58366042153782,1.58513860985835,1.60721626536248,1.63461059262585,1.53937013646252,1.5376112756073,1.61738669145538,1.5374610554172,1.61688710739444,1.61541919971806,1.52951177298951,1.57241148056409,1.49569753548228,1.61700976465351,1.59768379528815,1.5761360937272,1.61033732974443,1.60053846141185,1.64537593045773,1.54316151390248,1.60949935713804,1.61549208569472,1.65063880618562,1.63056892442808,1.59110580005611,2.0,Female
1.59319167842521,1.55495841600527,1.5352993461127,1.59169648926719,1.59222215546397,1.60097637416962,1.58317404721815,1.56758803974358,1.54192548324461,1.59048413972686,1.62412702761686,1.57824819012656,1.55661760136964,1.57716570317913,1.59154128668163,1.60106362878995,1.53752318657368,1.54231092325294,1.60390379934589,1.53553893129383,1.57600760520338,1.49502809956066,1.54545944595405,1.60758057158596,1.62701809281519,1.56305687713031,1.55317519486789,1.6005292778679,1.53396052611794,1.62471389279937,1.57067524658739,1.5577171524194,1.59004104569656,1.5938036784196,1.62993515415933,1.58655615179123,2.0,Female
1.54900404843582,1.49572607587364,1.59707961401566,1.57531901800337,1.58233061338096,1.55994760081737,1.60890031339699,1.63256422765423,1.65629184809003,1.57015065338769,1.57586375915966,1.6040771084041,1.58730779103948,1.60916166025351,1.54158333309597,1.64536763084545,1.56749414976709,1.58487708574084,1.56605994981956,1.60212352120588,1.54489722695894,1.58895794719557,1.62130060114199,1.64294308611732,1.63928328641162,1.53882075341536,1.64195599587188,1.60681232428093,1.63030993667979,1.59427812805644,1.54551063115482,1.61025693724584,1.61279353584539,1.59148397643778,1.61801758730396,1.60212671052719,2.0,Female
1.61804923612132,1.58418479605966,1.632544533706,1.67083571598985,1.60898878841441,1.62363729733418,1.58028652163086,1.61434569313205,1.68200797135831,1.63793143984573,1.66208339676603,1.62869947364312,1.62119028544368,1.61617592001981,1.57081361272309,1.61632013257491,1.58116611710561,1.6431856912208,1.54502781341825,1.64497953213659,1.59271367684878,1.62328587882803,1.57766210039104,1.59547698762991,1.62765827136276,1.59275006304056,1.57917746991701,1.59176107482236,1.59952762275316,1.57443083952515,1.59843229687324,1.62604319314634,1.57820470435604,1.61863574238947,1.6279163955972,1.58325108035285,2.0,Female
1.60701206093935,1.60379076089976,1.57138693511328,1.56361572093987,1.61528024254736,1.6160181717866,1.58731462000599,1.57813303129258,1.69348639726966,1.60692107482377,1.5477869505429,1.64158114837068,1.58388640502876,1.60228820828718,1.62350832729957,1.58218410768193,1.56542091865016,1.56911375191074,1.55816462876166,1.54653008591172,1.53591506511879,1.58155091492393,1.59344498143082,1.59284255179173,1.58085175911377,1.60446924701751,1.58542693384471,1.60088201978681,1.58626814505539,1.60349848331843,1.57655765157208,1.5828330924896,1.52472445680435,1.55179334662687,1.6146927187642,1.55605571007924,2.0,Female
1.58435117777528,1.58551784620106,1.51815888369855,1.53673238227603,1.50358894810689,1.55270669314824,1.55865325230791,1.53599957360259,1.55448246961332,1.57502534364451,1.57694495168255,1.56017049996523,1.57160478719698,1.54752734804547,1.57541993239921,1.55078989442778,1.52188465391938,1.52059300671144,1.57036952630467,1.63988232177016,1.57993742450384,1.54080115992118,1.60389560887963,1.56410632534966,1.53881299950655,1.58052661422602,1.55591335495446,1.55842080051953,1.56302016661792,1.50039851128065,1.59645349906899,1.52018185286708,1.59692258163452,1.58943134633739,1.61345521098049,1.59713403270697,3.0,Female
1.54639629533196,1.59294258112056,1.5719452600235,1.62877904335012,1.54602231156791,1.54785016267094,1.57207834181966,1.56864774014809,1.52191196614068,1.5471305996653,1.57507776587423,1.52243120527864,1.6389392813201,1.59702467403739,1.60599264989454,1.57546195664283,1.56538006230047,1.59327159019282,1.52157857877636,1.57373305737242,1.59020236446478,1.57060405724779,1.57534284102205,1.6248623434279,1.56366323713492,1.56294078586279,1.60337484509284,1.60763041046488,1.5837087022521,1.52970608927524,1.56285801280962,1.57562781313466,1.56250051294281,1.5825785799209,1.5260554056548,1.59178283651275,3.0,Female
1.55085444780231,1.58581316618398,1.62810246717962,1.6004904224642,1.63620313601812,1.55165939374102,1.54004486057595,1.53974659014289,1.57398641321441,1.56486646426836,1.59583851465472,1.55707148063047,1.61277614831522,1.58530959501482,1.63715626404882,1.64465671461504,1.59558503350462,1.6174638105279,1.5022520707382,1.58903073208616,1.60026949213405,1.56395351674449,1.57907297337178,1.57683543422455,1.61285597808638,1.58982098037447,1.55413180541924,1.56320245611496,1.59283316704657,1.63456911401835,1.55676200605094,1.61198483703818,1.58404346430611,1.55892206801816,1.55468922083367,1.58137689608091,3.0,Female
1.61988456038565,1.57448468423207,1.58582998757724,1.59409827279983,1.57986630674743,1.62479467034286,1.56473779282116,1.6234348828979,1.57045999393366,1.56793765160738,1.61863870259207,1.55861935811252,1.59406120387189,1.58567932894033,1.5557933826576,1.57405685517613,1.62697522933597,1.6025499894396,1.60137584428892,1.54201463242953,1.58217808821655,1.6306780601768,1.55724613422218,1.59073118265727,1.58654866859673,1.54450975246594,1.62281091366522,1.63373000335091,1.62907189320297,1.54221338362959,1.52119172168804,1.54259503375223,1.60240998699447,1.58912212968994,1.56275472260281,1.55399047258142,3.0,Female
1.58649801791505,1.54326948339974,1.55963511190164,1.57128096387286,1.56817752985081,1.52239450060972,1.55940384906646,1.56323005193026,1.59326180344386,1.5933038526476,1.55169149804477,1.57849686684041,1.62743113328712,1.57132251619762,1.56899748376645,1.66622967932503,1.59051165928092,1.58630642095368,1.60858582551431,1.52737918302702,1.56986390055005,1.65762072844199,1.56739810875923,1.64103074364602,1.59445160768193,1.6057370149009,1.5100887031001,1.59669113573695,1.56836382655937,1.59505576806257,1.52051014161634,1.65126642497305,1.58854053570911,1.59571434520423,1.55883012883347,1.56926342310276,3.0,Female
1.62899671904093,1.61948658996862,1.5413449975333,1.62375897598507,1.55272331727368,1.59547778999951,1.49404041912769,1.5791602121439,1.58608868431578,1.56352299484547,1.54196254210482,1.60153170340934,1.53369619349121,1.5778684102345,1.56655291835128,1.58383755953949,1.55897356553507,1.5416451822271,1.5143609102264,1.50272483488389,1.50219930006134,1.47865304661424,1.55929655180588,1.61156257032347,1.58998122602871,1.57674674275329,1.51224417585839,1.56587444381771,1.56768043230102,1.56475099763142,1.5502670831126,1.60192656769926,1.62425545849693,1.64615290241732,1.54479433114998,1.61945364649601,3.0,Female
1.56169137300005,1.60689746332685,1.55427979909732,1.56271325778507,1.58460019108799,1.60742406094272,1.53769588001576,1.60611403170661,1.58198683682529,1.5861898991228,1.55921094464203,1.51174171897823,1.56016312657652,1.57629416411611,1.57746716175104,1.56198118252851,1.57655622451398,1.50349859304346,1.57404862200133,1.58663543770361,1.55866115217042,1.5393978688562,1.56603934437289,1.5642518930081,1.60082300968892,1.55944190613048,1.52357020712457,1.55176042436051,1.59956217516917,1.57282149593504,1.61583731802647,1.60170038029146,1.63071024490737,1.57669962987663,1.61048879046004,1.55386424541379,3.0,Female
1.58396099525883,1.621312998977,1.5840974495538,1.66224726975652,1.60849952687264,1.61404881516818,1.59672534882309,1.58835161205412,1.57741940973598,1.60489616212293,1.676138271938,1.61041903161368,1.59388711321779,1.63697168622845,1.6111205344409,1.59082738588962,1.54239946650474,1.60937019442163,1.59243308615471,1.54779017180392,1.57813745007067,1.56034722488701,1.62236801390057,1.55070665865556,1.63570195320699,1.66228746600169,1.57865256054248,1.57252534952796,1.59027693420179,1.5931843295543,1.58023465593155,1.62860993521708,1.62407531619916,1.63542264254688,1.60627124677522,1.54972620626841,3.0,Female
1.57739242087889,1.58813740073264,1.55758178498361,1.56967314370483,1.59285930044715,1.5664884470744,1.53208261125804,1.55373987249199,1.5377347184375,1.5658055605143,1.55511287852169,1.55133642446043,1.56950683091659,1.65010082909841,1.56622943253564,1.59740959523086,1.59507169185486,1.64268834564292,1.56355447285284,1.58704491951466,1.57561378359062,1.49940484302202,1.54812447277304,1.55999602191442,1.55834336537963,1.57971755326499,1.60972008073244,1.564367054345,1.54947221735593,1.56198192161643,1.53399051506868,1.57334685363514,1.61141546481498,1.59517228506069,1.60226821280439,1.59550649237771,3.0,Female
1.56961416111632,1.62663495078913,1.54556140512864,1.54140849178465,1.61370231005061,1.61128353257432,1.58625826492483,1.62765340437469,1.50815781413154,1.63260784023537,1.52559863261841,1.58865608136494,1.55038127781671,1.54964781608621,1.59282500309341,1.55198940262476,1.59753495713546,1.54767555511338,1.60518321884318,1.56458430609208,1.64824363679459,1.59758502655751,1.54825464558147,1.60736143627595,1.5998678232861,1.58349994576829,1.6245497049561,1.56446783360825,1.55639308382379,1.60116167526116,1.60330058750888,1.55489902073657,1.64233444740291,1.60187430921717,1.61259423238233,1.57586630230447,3.0,Female
1.52453099379718,1.52467929698001,1.50513803882842,1.52249904394387,1.5578792353629,1.56329126078737,1.55893590435556,1.58677699262357,1.56914725779762,1.614510939409,1.50526164994993,1.5238738806824,1.55629968623918,1.50312858425455,1.59456714456396,1.55420621952541,1.63836225923766,1.55889227063441,1.5125433788618,1.56478832417873,1.4994635449142,1.51209126033581,1.61889658024768,1.59405802308652,1.64068602294708,1.52785423093162,1.55253365400154,1.60703848557916,1.52371131518211,1.55502073434459,1.58756675396708,1.61661853929684,1.58557070759079,1.62791382812456,1.55229441557539,1.60526604534218,2.0,Male
1.59412601261353,1.62385019204444,1.58669762565892,1.58689120435796,1.59490852944033,1.52782996569787,1.47982062841392,1.57937395217615,1.54562180307126,1.62666408910339,1.50521263569028,1.52733757619229,1.56607550043569,1.60161187683697,1.5716885193064,1.51968991531973,1.52875713763199,1.57126442442439,1.56435988771398,1.52123974081932,1.56342469878625,1.53982327855652,1.63830943632453,1.57957291505086,1.5325535536289,1.5633426461672,1.60747161454243,1.56780913089188,1.55575143525294,1.5343337894437,1.53828520777309,1.57329899345211,1.57472456545815,1.57682035292907,1.56237117065909,1.50030445033441,2.0,Male
1.6386547611688,1.62481507631159,1.55140157496431,1.50874991386285,1.61160178021455,1.61078504765077,1.56907606723009,1.55246002916674,1.64226082431022,1.65319327448235,1.62526663674484,1.60670748331506,1.59853081266825,1.63286961738938,1.63341260842207,1.56826072913516,1.60868646682796,1.6678232451944,1.55013887760713,1.63864405140618,1.51911299702009,1.45959150259218,1.6286565746152,1.65247164702809,1.64900823487709,1.59949994013379,1.62866744651692,1.6123339526818,1.61403889641468,1.59327925272016,1.56594349649955,1.58408857897266,1.54824864316556,1.64184563251321,1.60040581479062,1.56089907961061,2.0,Male
1.60966117449521,1.63026444726056,1.55261135281621,1.61119554682616,1.63498581532825,1.56308535983624,1.63895127252433,1.64785455176004,1.68405903350881,1.63302481950192,1.69522732376318,1.72253802565179,1.57302049213988,1.60844080194433,1.66713899907213,1.56901294084652,1.57992379438353,1.55252725118398,1.63303373500054,1.5704263600805,1.6254737832005,1.58836938284139,1.62992906670817,1.6655047759146,1.69528128345409,1.68714892895813,1.57407890335599,1.59639037879767,1.59358028948456,1.55827094111364,1.59339243097708,1.54071943022272,1.62138420661581,1.60112570094476,1.60356939934738,1.57678947168478,2.0,Male
1.64238780482238,1.61642426693563,1.59558925133394,1.57214073812072,1.59637347361243,1.63094250853399,1.6297584775461,1.64467697756326,1.56227246801718,1.59500002873127,1.67586933228798,1.56931988084356,1.64360398413508,1.54595110154862,1.63450646773522,1.56354391438479,1.56303725482997,1.56219342254991,1.56274698539567,1.54863121380748,1.59864852407344,1.62067234782204,1.59350924300016,1.61955605845011,1.66572706678033,1.62015383292957,1.59458464991183,1.54513111412887,1.50938740870919,1.60859954348953,1.60228059791572,1.64944314590588,1.60813425123528,1.62936704280025,1.60956135964116,1.56371005771207,2.0,Male
1.60071359820321,1.59907872201019,1.53509774170359,1.49057287449894,1.62033397927466,1.60830169095769,1.55056811077777,1.5922515157794,1.57933858462421,1.5686093329976,1.59077986040759,1.59597965108706,1.54168562912048,1.57394298362729,1.58893947294119,1.60623660468831,1.60244811991539,1.55620422701421,1.56088711327152,1.54091255008715,1.50070342635472,1.5475912518674,1.58935759433281,1.64053662264665,1.54422592187009,1.57049344063239,1.58839259704187,1.60695976949664,1.61061365899019,1.54985881539258,1.59534569429877,1.59920541509331,1.57821952049353,1.60943152880462,1.57045089342948,1.57922220057069,2.0,Female
1.59797412447011,1.56501822464481,1.55593405305855,1.52490834413837,1.59565331835606,1.51118053128777,1.54880033623492,1.54152411199717,1.52222858550612,1.55275991756569,1.53281132584678,1.53801237160158,1.56808242859349,1.60999505845577,1.52708861095556,1.56918742572102,1.58885500071808,1.55487805684476,1.5763165046068,1.60285075505788,1.575375135184,1.5728322548112,1.54309507655839,1.58744956707802,1.58301027299332,1.55676412116072,1.56416815602568,1.62541255805457,1.6356665492864,1.58160430291924,1.57728812033953,1.59322232897049,1.59635627216223,1.61456523763756,1.51630033308377,1.54160955687377,2.0,Female
1.62930387791166,1.66116077726515,1.54626154234738,1.50031503667869,1.53418969977437,1.58580028539899,1.58981306412845,1.51979463974137,1.62454625458801,1.58229213797647,1.65381124029989,1.6013514359302,1.6213127569906,1.66864465074114,1.5953754169374,1.52677870808858,1.5324280235294,1.50877167076934,1.55068194399831,1.49640574072468,1.59986980188343,1.55995331909,1.64596535218993,1.662339189409,1.65533243166662,1.60754805961753,1.56628460097043,1.54366724173316,1.53788828818301,1.50406310547962,1.6132088262603,1.66767606186248,1.60320220478631,1.63914275273477,1.60679566455031,1.56624939474095,2.0,Female
1.59708305898837,1.60582872532386,1.59802177833315,1.56638265067015,1.54893028599656,1.5969728366639,1.64375326684646,1.5476274178901,1.60516140874341,1.5632209148793,1.59377000493362,1.57190332941301,1.58091271207038,1.59196121349483,1.56560152980444,1.57484262697263,1.55460901903901,1.61663720133716,1.50380556285631,1.60257443796603,1.58531334667997,1.52479178754682,1.64043905549036,1.57910588376396,1.57442322194878,1.55602709120598,1.51773360887101,1.64648874870745,1.57552876866791,1.60117045289519,1.55538967808627,1.6257373770563,1.60757321436094,1.58895126654076,1.62502540734157,1.60665539118021,2.0,Female
1.63688296268134,1.62450060048812,1.60119414523097,1.55459062058102,1.48884064602154,1.61962839767942,1.59094399337706,1.59387000094101,1.57497500512464,1.55516478492096,1.59011340291774,1.55117700367508,1.61097250237159,1.56569717896967,1.54794825300006,1.62049530669534,1.54509289978649,1.58159302024978,1.60584583246237,1.6010750724873,1.53912011753219,1.56074072645492,1.60042446597637,1.59867097808285,1.54651791684295,1.55094206955484,1.50803962772653,1.59094938005554,1.59740130161742,1.60480544278269,1.56551805481403,1.54448756433072,1.58064492389147,1.55868675372697,1.55237296924763,1.52487662559281,2.0,Female
1.52813970460378,1.58297652854323,1.37926006460829,1.53852898812571,1.57031799955485,1.57886998171306,1.46803231669799,1.53880215051358,1.49150912722082,1.64914433507432,1.53091566370217,1.56370632033258,1.50003865178789,1.61143562806495,1.59764237482784,1.56587486729057,1.58370463421444,1.62948007340117,1.618146171527,1.58929853823008,1.49241696567011,1.60747277538758,1.57128591648683,1.5136933449797,1.5640680383146,1.53771167453885,1.54878742487246,1.52485195618007,1.51705974558474,1.52802768472648,1.56321613751235,1.49095707640037,1.57011009848782,1.52361214649661,1.40104147777941,1.4756032826868,2.0,Male
1.53902470535389,1.58068185231512,1.54645950037865,1.54922681873172,1.61446225956408,1.52644164699128,1.55242368024947,1.61853524835169,1.64480828258355,1.63498913420367,1.61526484355485,1.5858417830528,1.62427824909288,1.52670006332996,1.62875174095406,1.57957931993629,1.57399504165805,1.56695984580852,1.59862067910016,1.64426792160254,1.58332243358834,1.54897917639761,1.60996170761556,1.57572288580909,1.59231059068737,1.61119159463555,1.48660758172879,1.5573286477672,1.52498702806263,1.57779509812332,1.57567563687729,1.62619573718797,1.63671667242588,1.65297617814778,1.57920484192539,1.59420011963265,2.0,Male
1.59405860574041,1.56126767269894,1.62147035368631,1.59570007332554,1.58921153426622,1.62128829860631,1.58417641792569,1.58944145549624,1.60777480677081,1.61883654192756,1.62207971344636,1.63845312954309,1.57351853886735,1.59854064978101,1.52217547428494,1.5418872045623,1.56354414246782,1.58519049372401,1.6144492813605,1.53752596100975,1.58373678526867,1.63709250633476,1.54715942328815,1.56941649801587,1.63055065863173,1.63341199733973,1.56689909639004,1.58187117064025,1.57843764590694,1.55438027782142,1.566605173542,1.58189808626827,1.60077347798821,1.64606154450537,1.56237404916994,1.60703525935373,2.0,Male
1.61078326085746,1.57344611698225,1.60098332925769,1.64294437715303,1.59480560290481,1.62101909501948,1.58410651567603,1.59692575201816,1.59812745150993,1.6496526265708,1.7126105986192,1.6703960754234,1.60245971495227,1.58688783003354,1.59581871872853,1.55372207230089,1.5733835839916,1.622624303513,1.62383513551558,1.51816690329534,1.51074735335227,1.59754868107752,1.60872162219194,1.5756447583857,1.58877740522965,1.58548464610132,1.62140869300326,1.60919583841714,1.68175464278363,1.62368729139554,1.61955738101209,1.60322715385537,1.62683263710896,1.66886191483321,1.56294135920134,1.54612399252029,2.0,Male
1.61707025530422,1.56095655703565,1.63026621019061,1.56547266168759,1.56477165995788,1.61968196168894,1.5847545076171,1.63651685475986,1.58333240298101,1.5720589833963,1.60143658257068,1.57628659214865,1.59387048027632,1.63056434442151,1.58833035936686,1.64682596606951,1.60518011152074,1.54160588527382,1.5546205320533,1.58232026154965,1.6518791758473,1.60254808357011,1.61595813452341,1.61434659668346,1.64103740251654,1.6324951323706,1.61290927037802,1.62478049868493,1.62053857526705,1.61468036892602,1.62342197563687,1.63033303671003,1.54687954134384,1.62293698712955,1.58707230826806,1.59719548868582,2.0,Female
1.58761797207877,1.56612625119585,1.58634716295945,1.67563012160798,1.56569169597122,1.59597864765033,1.62371526748545,1.54542636808432,1.61635608405274,1.59829480390639,1.64585700186625,1.6093600914742,1.58886068070364,1.5698348890071,1.59155031236661,1.59915528428273,1.59718320896092,1.54815444325642,1.61335647031691,1.52228603644111,1.58671741231966,1.59615245068568,1.54839908555407,1.6266721425686,1.60325155098892,1.62325894028713,1.59306710668876,1.62170499180362,1.64067915272441,1.54616725257964,1.60160929193027,1.5825408974538,1.60799144936121,1.55986343355829,1.53082577746459,1.53584599188362,2.0,Female
1.58386375906867,1.5716358634312,1.59597964353181,1.55158679194425,1.60396330120403,1.5989953784506,1.58605200718875,1.56720721140335,1.56784953820059,1.63515785259186,1.61545117327867,1.63087310903567,1.55487542030075,1.61464714653947,1.59491055977106,1.63502045271975,1.64876920337826,1.52035947982858,1.56622646349606,1.58167542966753,1.5512688338075,1.53915620055181,1.62299949382233,1.59000180246225,1.55598696783175,1.57102455561363,1.58851871349752,1.62882104225791,1.64314345654037,1.52313286538935,1.57732213367389,1.5481541947246,1.57117095060535,1.63052175588876,1.58963987630839,1.56971693737692,2.0,Female
1.56613320920045,1.66440315374568,1.59162973189534,1.6004798220674,1.58004810623615,1.605233461534,1.58283905367082,1.59288019899736,1.56283244295362,1.52923158104585,1.59872473479332,1.58188867926168,1.56312349436246,1.55999736230133,1.54918569501759,1.63300142050239,1.52828015478941,1.54322898586782,1.64466440835203,1.57607843462288,1.59518456794734,1.5175118409452,1.62691090111738,1.62511151704108,1.58812099548036,1.59110592945135,1.57701231628464,1.58920811194868,1.58982414890232,1.56665141641776,1.6191616519386,1.62619652815299,1.51993612023404,1.54111396657271,1.59085845389751,1.56787720613845,2.0,Female
1.55148159879531,1.49925226744308,1.52714057654809,1.59830874335124,1.60635816997575,1.57030698547641,1.58824868891904,1.58815742024995,1.60360863512982,1.60264818438836,1.60618381054904,1.62284633297284,1.56608585414521,1.62840697148378,1.59760115252327,1.5819318908552,1.62895186305873,1.54547651860429,1.57850758120638,1.54503542281129,1.57826540367288,1.54782137882726,1.56995562232339,1.6103912982005,1.62605002712707,1.67668135445274,1.58874816635724,1.6642427449006,1.62355474230941,1.59454244341252,1.65845514959072,1.56116851748657,1.63886744302479,1.62299573008463,1.63240134100502,1.58484109490868,2.0,Female
1.61096350837436,1.623795748734,1.61884088320729,1.64262639944328,1.57510076379869,1.54579650286034,1.60294297719147,1.62801638089926,1.54259458125731,1.6153523292975,1.6341927579904,1.61396607623617,1.5996601285536,1.59190079589467,1.57961464105119,1.63301759216668,1.59854809351719,1.59615906522332,1.6275085296708,1.60319400055593,1.60074010467209,1.59400990574935,1.69145141742048,1.72435813513583,1.64765205962962,1.65394504288321,1.61414353587296,1.61290240531475,1.6327291824906,1.54010739228487,1.65522334543755,1.64515680126216,1.64496959129251,1.62250299553241,1.65580949054435,1.636459113831,2.0,Female
1.49000429338411,1.4746877953776,1.52259525180275,1.56221110598466,1.56728653228886,1.53837351821074,1.4741032491791,1.41945855194897,1.51877320928274,1.51803273638507,1.53521927555,1.51170165217215,1.5229131487242,1.50751388404137,1.4998432594823,1.52174728789125,1.55608435272242,1.58964548908509,1.56419120618633,1.54499189161087,1.54858937016417,1.62120599288976,1.53431138448306,1.58289564996503,1.48253183565233,1.52007274045003,1.54219225044955,1.56179865461397,1.59582552735727,1.5503610241117,1.44458679046553,1.4709230300592,1.55230065755039,1.52557447103935,1.53534494114061,1.55493032991728,2.0,Female
1.53746011947565,1.51517043312144,1.51250731239388,1.50636013898359,1.59536210177539,1.61501656641497,1.51002334263449,1.53237107174498,1.52248322711393,1.56496916985545,1.55085233445875,1.50456032795467,1.58385686152955,1.55473347891533,1.5631767697251,1.53747612636504,1.60209267455589,1.5311281664657,1.59214520524292,1.48498242525159,1.48393283181358,1.51751211152413,1.52814481364531,1.48791691455476,1.58172127458199,1.54526613902798,1.54647983217701,1.55175863029744,1.56296322650124,1.57228278295789,1.60202931402959,1.59304224762281,1.53056199473957,1.49787902439457,1.49885741272785,1.52702489434089,2.0,Female
1.58694939596514,1.59373145964627,1.53993981418512,1.56095613236288,1.5568167226698,1.59623246745246,1.61259707529049,1.57957277618292,1.54730010632993,1.54177464996381,1.50595323993591,1.53175959288792,1.51286945879345,1.50792728600249,1.64401569967791,1.56570529770967,1.63145955963173,1.60019665590471,1.56949864446481,1.62025988069313,1.53102334995631,1.63918941693592,1.53849307981957,1.60029422968408,1.51282982750158,1.50108132566822,1.53328705368534,1.58066272679383,1.58393609803559,1.57444508799684,1.51721613967021,1.55489390529657,1.58064510199619,1.54677232152171,1.55471834696197,1.49884608297614,2.0,Female
1.5263236867923,1.4575555940544,1.55695242477816,1.5751638373304,1.60041892211169,1.59339829094516,1.58558617733579,1.53382758026002,1.59257421256685,1.52555875049604,1.53906827622975,1.55321576977969,1.51725603312592,1.50936677469554,1.55702662653162,1.57837768791766,1.5849725275402,1.57946441818555,1.58218532299728,1.57182592256332,1.6879109092108,1.55619508410525,1.58035909605653,1.58468141898925,1.50157229867468,1.58993724264192,1.54016500492129,1.50982900840046,1.50730753156825,1.58281016144828,1.56807817204833,1.55693134504121,1.49719022925347,1.56950880020515,1.53959489773525,1.51544774163972,2.0,Female
1.53246707840715,1.5340164011161,1.57040767102588,1.54545989389999,1.57047830235919,1.53296378096183,1.49443635964154,1.52557947114388,1.5229877733363,1.54336919087759,1.57335554778329,1.58533336487308,1.52858958359558,1.56876069642057,1.6036598849677,1.5674784497339,1.55432860284504,1.54577245516656,1.5856919918484,1.55901945970395,1.57669710831168,1.61446097987822,1.49597645653704,1.50982921764699,1.59360980283106,1.61846048757267,1.57985632247983,1.66585525115034,1.61980525183988,1.58818880547397,1.55293607866917,1.52468775694305,1.51310720043545,1.51580297248068,1.56262614574449,1.59956944059612,2.0,Female
1.57422168247399,1.53656566304847,1.56229935581042,1.60949412868596,1.6091782712811,1.54184793562095,1.48508645806007,1.49149583017722,1.62222035378227,1.52704854803543,1.61172175710651,1.57386123601781,1.62241003407542,1.59560537544482,1.52392846503994,1.57854681221064,1.55239065890628,1.54581152308261,1.56913951482045,1.56188302086322,1.5260555618859,1.55728055188725,1.53178423568315,1.51801354415062,1.62866351892307,1.64483414502748,1.55563762336971,1.59794711137841,1.58642199713667,1.54087051761613,1.61413633017474,1.58487281498814,1.58961087026956,1.5623788180787,1.61085924576253,1.56634363580648,3.0,Male
1.59292484687379,1.57859358028191,1.58020217527942,1.58117812437167,1.60223732053265,1.56603690215414,1.56657224029185,1.58256405611511,1.61946906045291,1.6419523995637,1.62241623692761,1.61665897388883,1.62514984843574,1.63307452072841,1.60915277855073,1.59953064149585,1.59038067415793,1.61040759514298,1.60223773676565,1.59997692104058,1.65386872919866,1.57408818898541,1.53616981320398,1.61904632707232,1.69140831227702,1.61631134808215,1.60766834439008,1.67706021565064,1.63580189270761,1.58413071528989,1.63463013273973,1.58878900555968,1.56682813997264,1.59477364048364,1.63159891825517,1.60907090857665,2.0,Male
1.58828673605168,1.61835382570201,1.54723551461115,1.56958924540656,1.58607320954981,1.56144448325382,1.60416334418535,1.56391085177626,1.59917675259874,1.65552133264431,1.57462410662302,1.48600235816809,1.61699913206722,1.61191786125297,1.59896357380601,1.61536405901635,1.5779176125215,1.53653773694919,1.56183040563864,1.55896561966495,1.60573866218636,1.5892849890623,1.59167815871304,1.57431546706914,1.62097951706664,1.59566572100094,1.57286650406994,1.60607185803179,1.61258854253852,1.55731196848453,1.50802342086323,1.57504224789816,1.53968163057649,1.53343328540154,1.59498362258939,1.58144621490932,2.0,Male
1.56608211353804,1.60042388952776,1.5353799678798,1.52294486942024,1.53777356741579,1.53127131570447,1.57751835120927,1.59914096435416,1.59613068354297,1.5769693494218,1.59413902110335,1.61875636402239,1.62725750926117,1.59025504298931,1.56478283725848,1.61827125022439,1.59326905496042,1.51822024822457,1.60028033197734,1.56418618021038,1.55739891431704,1.55620328302023,1.54857392580357,1.53396544945823,1.65657062437751,1.65366650742092,1.55026774558687,1.54675336843054,1.5750931698514,1.57125716133603,1.63963782087933,1.60508692393605,1.56635545391185,1.58714332307486,1.59940105920933,1.58903923157989,2.0,Male
1.56380242272691,1.56692054141672,1.59772378860218,1.58475915713305,1.55842796547652,1.57503061774705,1.56443367396389,1.54285422327128,1.57407039625181,1.55907224434695,1.5847836088842,1.5605383107857,1.58147232754979,1.59732581492958,1.59252074341069,1.610171702987,1.54250889500925,1.58941977040837,1.5839493065738,1.61307970119688,1.58171376033454,1.54755080545369,1.55233274967146,1.59630957958601,1.60251389809005,1.59747682247871,1.62096748570105,1.58690604389445,1.59939923638107,1.60902299239379,1.59137724322637,1.61413875223278,1.57742250177782,1.57229692621258,1.54117655940804,1.52896328503107,2.0,Male
1.51096637937334,1.50210874443421,1.66492305377395,1.67648938008275,1.64009250294226,1.63359373355775,1.54562757553087,1.55858538846378,1.64406960423719,1.61400166458178,1.56126092409215,1.59119969081042,1.67304663778483,1.72123763659287,1.52643472090064,1.54647602573858,1.60466335828961,1.64456763254928,1.60212909273154,1.67426678164475,1.67804992805094,1.59020625593077,1.59981301862658,1.55521724003376,1.66713401177908,1.65494900293556,1.62082014094404,1.61593159694062,1.65944053581649,1.64486122156157,1.63642842963809,1.6256534655035,1.61107368494912,1.57976244093637,1.58254637053394,1.60167504671044,1.5,Male
1.53139274339452,1.52780647722318,1.58424662414848,1.57922849723846,1.58335742314611,1.57702614373313,1.57470597564013,1.54505757247722,1.55064230502639,1.56444051717178,1.58755483720384,1.59696658651495,1.61271112259377,1.59433622668342,1.54622893848,1.58042796799784,1.59171704889081,1.57994045895507,1.6117920830766,1.66766848682975,1.62096108127969,1.59045346400403,1.51498525802298,1.53463199518979,1.62645970808313,1.62504807634515,1.63747813774213,1.66479299379772,1.68022726317671,1.56989316101474,1.65944426045138,1.66685215204475,1.64770003606148,1.61040967335163,1.5612593789847,1.56100507965801,1.5,Male
1.55507890837225,1.50393742226137,1.52026040862246,1.57567930129061,1.63607136836474,1.59797472844468,1.49879368204143,1.48152501120099,1.50018698377977,1.53422174678392,1.52751435821618,1.51899656896011,1.52255168175144,1.54709541695445,1.49741160822538,1.5407913056237,1.57974051038995,1.54654610680756,1.56836299480041,1.64174063588646,1.59507351919926,1.60800315854449,1.56498327856511,1.54596014711545,1.61172988724962,1.61379584374049,1.57467356257289,1.54706358768156,1.56352052003597,1.5739082158747,1.61466469715529,1.58830710123079,1.51280905239633,1.49341140052925,1.53356080655654,1.53113288740367,1.5,Male
1.59621654770041,1.57021928711296,1.64427157111254,1.68389466448978,1.66191552120394,1.65544497350754,1.5524502391933,1.5552149237036,1.67009209099988,1.61712766185203,1.66774573610422,1.63904966003943,1.65804412759878,1.6228104101454,1.58784612423123,1.59374903627198,1.67806342170009,1.62344844622037,1.6427808096079,1.71479283278098,1.66832423157829,1.64026300555313,1.592163974746,1.63310879133956,1.65563440440169,1.66264318779367,1.63279242229101,1.62168639091177,1.61430757293561,1.59460672565037,1.68514185864737,1.67051835776872,1.61385716000252,1.6110168856458,1.58481743131487,1.57153272472866,1.5,Male
1.65286821489658,1.67162641726198,1.58104017624201,1.56775689558736,1.63357558637995,1.63694434058678,1.60560215191993,1.6055823484969,1.58573568950017,1.59094647475155,1.61933479826429,1.61097888631069,1.58479020628809,1.58213401688453,1.6405530857591,1.6407000755117,1.59510762649782,1.60124825133141,1.53616216718482,1.52011039370112,1.49405262959676,1.56680630990018,1.56746961250751,1.65825691025716,1.6288832306527,1.64143397397765,1.60264119248866,1.64021127349164,1.62755356495906,1.59763333882459,1.64356932636231,1.62124786195311,1.62798694558745,1.58687910424959,1.59955499980397,1.5941023815942,1.5,Male
1.54711165226188,1.54440937146927,1.6052329011039,1.56702749200024,1.56812946730271,1.57504357511436,1.52622721221125,1.52590203425057,1.56796798754004,1.61813245020798,1.57698888711199,1.57766542607254,1.59716765255217,1.59549869165245,1.56360840882791,1.56996556525661,1.63863878110663,1.5577367327106,1.57182443908922,1.58342177150896,1.50975471970019,1.5765042839127,1.56531218473683,1.58034489008725,1.61576849453968,1.61643990190912,1.61203052782166,1.56419940046497,1.61247650389735,1.59151978100649,1.52171816315511,1.51803796336592,1.61293831441225,1.54513379978098,1.5671836432611,1.56875312354266,1.5,Male
1.59236845806148,1.60108955879926,1.64094126453317,1.61555361327905,1.50640924745045,1.61096043989601,1.60056794544887,1.63851667092691,1.6441568778801,1.61777468998755,1.62593302434241,1.62162658943818,1.63533236738389,1.6288655958144,1.59143265491342,1.64482768021359,1.59605507031362,1.59144301942873,1.60492276893989,1.6309659290354,1.5429507592651,1.5890518638534,1.62363726252152,1.57854957067684,1.62258006978915,1.59915735372566,1.55093825706746,1.5301454854729,1.53825021569265,1.58278847876734,1.59328164183838,1.64064897173819,1.58522480024728,1.56302844851135,1.57288414474553,1.53363345549099,1.5,Male
1.50830561678995,1.5254823849767,1.55020056254448,1.57740291973581,1.58211531386818,1.61371329926644,1.54186077507711,1.51514404420849,1.57810719092777,1.55469561495486,1.58163459431291,1.60652910328735,1.63514980483452,1.66507061508875,1.57063757071902,1.52651401333708,1.58243898644829,1.61095609375314,1.59426429266635,1.60146619655222,1.54480407296748,1.4945402293493,1.58098205747835,1.59795008329989,1.62232189369051,1.63083948402386,1.57629432686568,1.62315197262713,1.60230107205011,1.59669478783626,1.66148916569695,1.63385493555429,1.57826493595466,1.5857831013495,1.59154756370192,1.58375040973424,1.5,Male
1.53399195261656,1.52775056906165,1.59220766320011,1.5181544791515,1.54812714924222,1.58864361189896,1.5437271508202,1.55628374838638,1.60549460524788,1.54159520816333,1.57665451858408,1.58729564324339,1.54575459890694,1.61047736866394,1.58129412395911,1.6010600539947,1.60944090287515,1.60324789661216,1.54853034092291,1.59483865690465,1.61121489185102,1.60600031724455,1.54886090746147,1.54829460818655,1.61114262867944,1.60859397590548,1.58827795695756,1.53815981224673,1.56868485437982,1.60270310102609,1.65597380864008,1.63099352969573,1.56689292619125,1.56248597549739,1.56563218769718,1.54529848580111,1.5,Male
1.55248611286775,1.55030489315684,1.54737308287254,1.60583471214416,1.61840226128158,1.54560549684779,1.55624764252504,1.52984549242508,1.55078340255457,1.60968661064884,1.56369068646332,1.55446732243177,1.65375187401442,1.59116418072681,1.56931496916128,1.56236447351793,1.63022312973928,1.57041519384696,1.56332029039511,1.60163187660828,1.56485615419407,1.54717397349312,1.60875641826055,1.61221627605078,1.59555579450399,1.56413550625776,1.59575134449776,1.61642812563695,1.60505741235901,1.60946352618808,1.57496847683822,1.59349224528747,1.62801333836324,1.62220758324544,1.55108484200062,1.58968574218663,1.5,Male
1.6204191913058,1.62899436849843,1.59913770183086,1.56771181600214,1.67625312974519,1.60777314520693,1.60831933728466,1.61297264284077,1.60446261353421,1.60004014337998,1.54113960761322,1.55608767518243,1.57750985898579,1.65027273147077,1.6490118008762,1.62752797503335,1.59565105212344,1.65294197896951,1.61901942288114,1.59645277418667,1.59021870190218,1.56864498562126,1.6473833400713,1.6254652811181,1.59088136096446,1.60865464031603,1.52617782501607,1.58501618160881,1.5793658890579,1.56363678224597,1.60063092370354,1.61422272004623,1.58505717085567,1.60189433861038,1.66661305271804,1.65916129417001,2.5,Male
1.58931096412387,1.59872537905182,1.68985284144354,1.61769845633795,1.5804569848112,1.53251493707062,1.56272741537038,1.58130955070914,1.60100511117373,1.59043767537618,1.58848345417344,1.63578676057464,1.59419247829375,1.61859494233562,1.54945443550725,1.56540714974111,1.6346041543164,1.59588736396183,1.63082532856348,1.62032468928795,1.65615175222702,1.67207752862884,1.56889922322244,1.61608566153892,1.61338138015343,1.64234066798616,1.6153501326875,1.63307162584885,1.58294119984827,1.60481442188094,1.61096916986823,1.58210045590431,1.62034533054139,1.57536739978174,1.56291302530993,1.57184383425733,2.5,Male
1.60530094853911,1.54064093981192,1.61134414872012,1.64504466100233,1.65000408854934,1.53932500851955,1.57225354410305,1.57384399241896,1.67314081813504,1.6112559169985,1.56706614817749,1.62196354000671,1.63967163007177,1.64944731691017,1.5951645102181,1.62173441015494,1.61156579785972,1.52145762548429,1.58854891927798,1.66312273355652,1.63593899047705,1.62054021434636,1.57954563946838,1.62779888042382,1.62505091627705,1.65409291247172,1.60004896800046,1.70057964905855,1.63563578850584,1.63428839510142,1.61698805370447,1.65654073616336,1.64575437341142,1.58816169938443,1.61093255145158,1.60880233366143,2.5,Female
1.57049942109901,1.54622600277747,1.55910745614851,1.61413046286024,1.59308705040216,1.55166636302951,1.55843785886893,1.53400139315397,1.56723499864755,1.61139550730114,1.63863998539048,1.65444936401706,1.59677026351713,1.65162718414145,1.63040552371142,1.56225681137471,1.70166304452315,1.65943478860633,1.59954550192424,1.59609627219492,1.62351588076766,1.56299913498984,1.52603318250992,1.54527321715705,1.62127514738997,1.64884897833297,1.63024248815461,1.64389857020948,1.66161996922521,1.58329957773029,1.59716103726384,1.56418395339374,1.58975087306651,1.58369384055575,1.56465898877109,1.58447027027963,2.5,Female
1.59678920758869,1.64753583624414,1.58992803936243,1.62952533481402,1.58192457412525,1.6120138297385,1.61487542979509,1.59672349888099,1.66715536563614,1.60154731233986,1.57322393796863,1.55976088872948,1.56846163897538,1.58921424007791,1.64279647307174,1.6272949249167,1.5557050603505,1.5937901199524,1.62087471045475,1.63918349438928,1.64532333911236,1.66229843970431,1.61109671751411,1.64060040915127,1.61020469914231,1.64637557467577,1.57535993720908,1.53040286888172,1.58578074068338,1.55823028302546,1.64129947677398,1.5687526338073,1.67389992249674,1.64538264680673,1.63144821623288,1.65871143755049,2.5,Male
1.52205755434116,1.54350611501146,1.58010379890189,1.57464405405442,1.60637325990295,1.58007290719953,1.55157083501762,1.54159463718416,1.5544704955807,1.5861931926516,1.55347637613982,1.56258626208064,1.60541263021916,1.62136269992021,1.58502147256299,1.52449818268758,1.60066440854222,1.52749126996466,1.58700479774117,1.50254358799332,1.55920063206962,1.59175333009563,1.54955252673606,1.61419300038123,1.57038168865543,1.5621037892666,1.59369988360621,1.62747839196021,1.57961122231853,1.61030370288104,1.62030437431175,1.60539259965915,1.60240597019985,1.60505338625679,1.61449122161876,1.56636904144523,2.5,Male
1.63644522894559,1.58605263271505,1.54552485421778,1.5616443939628,1.57745395671264,1.60990781581768,1.60816937427645,1.56562365320768,1.579805087086,1.63025137162255,1.57373232035651,1.61122435043598,1.57472975902391,1.54590192654225,1.59493918675124,1.5981976510421,1.57168473274174,1.59904369159849,1.60260010908254,1.62074894107782,1.62980992457126,1.55519075810109,1.59704656342064,1.58820003257036,1.61697935789603,1.54250471824589,1.54467989282501,1.56071185441568,1.5484836882883,1.53493472982371,1.65160114057345,1.57140104858488,1.61912995642575,1.59640094762312,1.57597103327225,1.57397284860994,2.5,Male
1.60621600487468,1.56193726194239,1.52453661566502,1.65463560886407,1.54789541874531,1.64900855173639,1.59291568785384,1.56009236807245,1.558858672438,1.57519755964181,1.57801862525303,1.55865537857874,1.58261131559796,1.52816176184078,1.57669890786035,1.61569625251363,1.6613410759664,1.57499848406754,1.56016816672873,1.57823307429313,1.57949618644842,1.57829949783928,1.60788909943159,1.66646398724027,1.62789403743909,1.57710759031695,1.57652761653461,1.5645783410207,1.58707805519738,1.52916626081306,1.59168795736266,1.59935450889955,1.50369335608576,1.57941042942494,1.55541331867998,1.52679567277088,2.5,Female
1.585966748458,1.59484623060976,1.5106589247232,1.55211895401674,1.56274107786641,1.57665595692331,1.60058935247165,1.53252952125389,1.52340153671546,1.53630960871079,1.59735604015502,1.53016210740211,1.56511270940887,1.59828296068598,1.51523465343834,1.5589587322407,1.58478927494393,1.57343764495665,1.54693559670942,1.60734834455403,1.51851525061576,1.61939083342135,1.58452149403214,1.51820962415763,1.63265593751153,1.52718402447194,1.54981073114088,1.53103573783153,1.58355588149286,1.50413478746257,1.53384373643636,1.57376779722481,1.50729593338179,1.52734138206869,1.55206823824295,1.57001986924517,2.5,Female
1.53402459428138,1.59971892662272,1.56794943823357,1.55602976776035,1.67333208499715,1.53997176772157,1.58265686752499,1.55560811776206,1.540761530569,1.55420818656982,1.62265205383409,1.55130135260092,1.60892357685864,1.69176519067409,1.5766258259143,1.6515934967072,1.57049744823354,1.5402201814393,1.59958744919273,1.5657160027263,1.57474249226781,1.56249320116311,1.57310731719689,1.57400648406932,1.60822289113956,1.57131886226683,1.60681320516212,1.59739603756682,1.5526740467385,1.52713020026143,1.5612226734483,1.64319227604043,1.59748571891472,1.65527093116948,1.66177529785934,1.56772355960001,2.5,Female
1.5658796392963,1.57538469400005,1.57678331241917,1.59491911977343,1.58992298954548,1.57421969756021,1.60070463648921,1.59218263091513,1.54121079335442,1.50994378278001,1.52824083239837,1.57617488701849,1.53801519124466,1.58092570230573,1.61709690851602,1.61044004264393,1.61067738185551,1.56336276226168,1.63926378379401,1.61257558800983,1.63294480452138,1.54643427646764,1.66991531855586,1.59083134384388,1.50453334409215,1.54365922558199,1.59918244600554,1.58755476488188,1.53115314037074,1.64530851187259,1.60356065543077,1.58655328225799,1.6293739678082,1.58468829519158,1.59514529991009,1.5350111717964,1.0,Male
1.59082644748699,1.61396528859069,1.63513512834593,1.65557658158009,1.57407212890958,1.63686449484326,1.56827121386226,1.59194036055039,1.57282310720382,1.62920595832756,1.62818011166735,1.59592440953829,1.66311487989275,1.5373973878102,1.60745725749379,1.59697407876069,1.53393420804377,1.6702940024043,1.58182101992932,1.59266433576653,1.59190696984354,1.60967068478149,1.61369767961944,1.54308608639185,1.5519897702621,1.54701841803512,1.60462074461193,1.68225743043751,1.6175161585573,1.6350179967517,1.63360590787741,1.77835113893706,1.62121517196814,1.56076476288248,1.62542110879262,1.54900191737945,1.0,Male
1.47530453575801,1.44730814155206,1.50435481300758,1.49024072765465,1.49180066455207,1.55594465078447,1.49499415044461,1.49998033992007,1.48291351265772,1.48582654683324,1.53460482714474,1.4975105220132,1.4790965348416,1.54677422309395,1.54342289846575,1.54324226998969,1.51944452606613,1.48448997330947,1.54965127902353,1.48374764311314,1.47023353488801,1.51311469960079,1.5947791183295,1.50790118080257,1.45851543438665,1.49788610873955,1.54304312979236,1.56776435504078,1.50416678219041,1.55067019993113,1.54615217256823,1.57638306805865,1.55455868275612,1.55055352566476,1.47234592689098,1.4962164620319,1.0,Male
1.5501388880263,1.54844846487132,1.59129630921625,1.57636353049592,1.61297565878741,1.61862311198662,1.53244963072115,1.52804984044995,1.54014950827255,1.58520408304358,1.64775532521328,1.54637855876919,1.58960516731785,1.55056264775735,1.56318250248421,1.52251002042444,1.58748698082833,1.68816747093679,1.52390359447625,1.53946899501665,1.5881360599638,1.61440433664249,1.60082471142948,1.60077275514911,1.6090197825565,1.61023024418451,1.57769929939365,1.59879516482666,1.59781220036716,1.61966320925107,1.60753569925304,1.59765375538686,1.64055607735052,1.58788763086791,1.64290958108589,1.64194979719848,1.0,Male
1.54799791606751,1.48243069513535,1.51695846432169,1.5356873282236,1.58235847699418,1.53260839315769,1.54619881710525,1.50529857452013,1.52895541218795,1.60185273933703,1.53543718453235,1.49760901441538,1.57112486243015,1.54506735496656,1.54801643131369,1.55296482220266,1.52134220421544,1.58047404240361,1.53618979048898,1.54790009330982,1.54674429210008,1.56944297342079,1.57023588459852,1.51710315496973,1.5175026314531,1.52587431393561,1.55430332542054,1.58475553801664,1.58935413832509,1.64071481368905,1.5694747381722,1.56415953946187,1.5517156789198,1.57901885563359,1.52258056166064,1.57864421879229,1.0,Male
1.54865164914949,1.51334635446773,1.5710656509083,1.51040437659354,1.59172447838035,1.54259822077601,1.55496258782,1.5981660675748,1.53082865096028,1.49159519352906,1.56237690905663,1.6125730798633,1.55142695431675,1.48489263608379,1.62951209711264,1.65792434800418,1.56769589469995,1.52899087705745,1.53649127096343,1.57533943712132,1.55319850037315,1.52610958377617,1.63911774599926,1.59395234404125,1.567750379839,1.59796823358713,1.54774296288524,1.62210390043069,1.55056893201057,1.61934458617041,1.5679131075582,1.54735260153022,1.56637200698497,1.54511874988249,1.54683849234789,1.52095060715634,1.0,Male
1.5612854709216,1.5440895469644,1.53240925238315,1.5919217392661,1.54209747822338,1.5945869719419,1.55848843528497,1.548759179022,1.55653932780723,1.55448688333934,1.57441761402776,1.57357942823582,1.56097472052086,1.58499239222066,1.56375583545805,1.51232096930044,1.50495202482483,1.57430862416521,1.55655178689944,1.54110552890214,1.54439352309107,1.51327900935996,1.55393436679748,1.55168267429339,1.57697939587377,1.59522677993169,1.5406642659796,1.59872980987462,1.56441624900126,1.48825049275606,1.55156787814277,1.54955500437419,1.51514962994258,1.55316939228233,1.57413473013707,1.51632264502054,1.0,Male
1.61151529870896,1.58979737213209,1.54818348926469,1.47327192119062,1.57278078127015,1.52499249836217,1.57918419495474,1.55279153018278,1.57728844613998,1.49353163179162,1.54627608408243,1.58080869066163,1.50161516657239,1.5425606331775,1.56075555048792,1.58761591703856,1.61171725991928,1.5126102941584,1.47596248908338,1.49837635332622,1.5170129348562,1.54241646127132,1.59254375779101,1.52767829506645,1.57148756323721,1.56050872313457,1.50617891099112,1.58193112752196,1.56396462065639,1.51944952276667,1.51492215724072,1.54543394115242,1.51423243021556,1.57228689578352,1.52569624951221,1.59427727231037,1.0,Male
1.5974856884879,1.58139367726227,1.58870675985736,1.51926016903592,1.54974355731821,1.61120461839534,1.55989772264886,1.54866800573636,1.55828126956161,1.5579450920654,1.5603949531469,1.55127356207019,1.55029812989462,1.5106886068739,1.56662158474145,1.57896978638513,1.54171473632973,1.53609513646068,1.55896671526285,1.57249165695697,1.60912612428284,1.56781389759103,1.54109380927826,1.58645934799039,1.58848430664227,1.52971265071364,1.61868320297011,1.53966527597058,1.56297510651425,1.52500243889213,1.57164864456436,1.58842120754633,1.58373811890669,1.57528495193011,1.5828117776258,1.59133591390524,1.0,Male
1.50885252014956,1.63764778027805,1.55534138902993,1.53188841185514,1.57857658050184,1.55719696637485,1.537973733607,1.54289802055831,1.4862899290238,1.54476659594234,1.58778927644194,1.57402984087642,1.49341108165111,1.52732198776468,1.5277442996387,1.58569678069876,1.57515917421023,1.52115006770801,1.47960402544275,1.56206949550631,1.54038866421838,1.57552015479919,1.57378130026488,1.63659045222719,1.61135730648797,1.48803440949306,1.60534379177286,1.51863259705263,1.52511156672228,1.50786216179771,1.56288177010106,1.6110836335453,1.57785437066003,1.61009458395183,1.62726553756145,1.61280006781851,1.0,Male
1.59121542946928,1.5309380508996,1.56967663648685,1.53165590132123,1.60450530916129,1.63612541387638,1.55445704304982,1.51476417702568,1.55990083383042,1.61131196247788,1.52851816710951,1.51157748113104,1.547148476207,1.5356449042739,1.56577348950239,1.49540648050826,1.62453338197402,1.56452341980057,1.58122772729373,1.62237696523967,1.5953725308088,1.55704079196059,1.55777300512739,1.60694511309101,1.49457734015396,1.49797206070444,1.53995178891802,1.54996673110777,1.58544018736775,1.54989423193594,1.56285659653964,1.59300821995872,1.55033359924327,1.55373469644386,1.58883135535608,1.52293582440401,2.5,Male
1.57836192068445,1.59070158539051,1.59652765556678,1.59230552061787,1.58490745999183,1.61634532589507,1.58930114628799,1.59196039924987,1.56074194589017,1.49943131554842,1.55091285457155,1.55695002133214,1.57283553847736,1.55798723724784,1.55109376542803,1.58991216825253,1.50203302290385,1.55099473165107,1.58803773770047,1.54960463452786,1.5183618351244,1.56702326664577,1.59251182025185,1.55950001464577,1.58816574701323,1.57988306922895,1.61433592368959,1.51610879495864,1.57336333523909,1.61483297439684,1.56569030617233,1.49464227420373,1.57530143084091,1.57981005677917,1.56500111675954,1.59579600034965,2.5,Male
1.63738668549256,1.56620982369985,1.55140439865013,1.6144047180279,1.60834867328843,1.59389210616298,1.62036165874908,1.53375347411944,1.57359237616224,1.51810682277091,1.51458671974265,1.5804172604238,1.55971242910604,1.54637331853221,1.5871397474277,1.61263721282517,1.54150510190408,1.53732570928953,1.56063906326748,1.58255459366046,1.55331701777504,1.54999674768356,1.59194972276494,1.541002213956,1.57986868449908,1.57876710238195,1.57510377648073,1.61040963178027,1.61119042197653,1.57913052524378,1.56002721934527,1.48042292118153,1.52236588690448,1.61025134031781,1.60606314283399,1.53498662595702,2.5,Male
1.54906006896001,1.57995171107442,1.62777194730234,1.58026860501429,1.62553172703332,1.60696184564639,1.51052767920023,1.5598662518001,1.59883821477214,1.56015539397773,1.58113635170263,1.58457120166842,1.60436602974642,1.52540085808118,1.57964168834518,1.57056531324205,1.55427149458605,1.5670446703095,1.62857041057213,1.54365261126941,1.54821162160735,1.55793166228064,1.5734735646265,1.5652280460021,1.57048675986455,1.57047868329748,1.59918149400363,1.53421677218513,1.54360065457634,1.53610736533073,1.55095145751074,1.55797969032971,1.59585794868009,1.5681050679462,1.56997026483506,1.59496401599789,2.5,Male
1.48963258037354,1.53061995408147,1.50852281443571,1.49582402588473,1.58360120268053,1.54250919213734,1.5214255838392,1.58614504944672,1.57422710186898,1.48474440584237,1.46237185935062,1.45526212514785,1.51868608162805,1.52030130700783,1.55527482593719,1.65867302905091,1.58654045896287,1.60612461778505,1.56429118056385,1.55410797615652,1.53006620802604,1.57831596818959,1.49695343036847,1.49731036439026,1.56201144987548,1.53127198450613,1.55668266559221,1.56633098457611,1.56686385150377,1.51742170194007,1.52831071619584,1.52902962070878,1.60813399540601,1.5760222889174,1.53828602305374,1.49606379039572,2.5,Male
1.52553317291811,1.54925351567565,1.56175647752799,1.60598251402723,1.60611527250055,1.45643444650906,1.55213742089303,1.55910762890462,1.60692500758064,1.61396260982902,1.51733611670946,1.577427318784,1.57853762253347,1.5687136082822,1.63719595721858,1.56694615904839,1.52641766567459,1.59040736668679,1.5822601912297,1.54911182332482,1.57757398501743,1.56782109171659,1.53570805015981,1.56459608279459,1.55362446047598,1.53380589433979,1.56777176289715,1.55225012180756,1.52709083240195,1.5197180843891,1.60516915573031,1.56355410976049,1.54976315400933,1.51852367625646,1.5065575267723,1.55540176025545,2.5,Male
1.54961101225958,1.5969659522858,1.61358227043908,1.5224454148697,1.58792245171718,1.57847467980074,1.56868095403644,1.56768040286577,1.53808685829874,1.52163464040626,1.57232179317715,1.52045356199265,1.53862008946419,1.58774064038398,1.62991989551122,1.637977336773,1.53378994431349,1.58050388053401,1.59275644264018,1.63568797491687,1.55257010295433,1.59636412554789,1.56792666723461,1.52482427874745,1.57921303992496,1.53050472072806,1.58353003191899,1.60700631276146,1.55686735592814,1.5656144481372,1.56324397476093,1.58599177947778,1.61351602402018,1.65218486786356,1.54335754959026,1.53137384575213,2.5,Male
1.55308141464127,1.64671076831896,1.63374524705737,1.56645507983611,1.63021368985025,1.57855136317387,1.57410780069381,1.54351378147666,1.58798239855977,1.54581422726634,1.55919744163173,1.58209414859935,1.56627653719791,1.63091206747061,1.57906192168936,1.57944767449414,1.62457565356372,1.51278074074761,1.51696526676618,1.6037285270855,1.55733119980969,1.55633183498419,1.53994459760731,1.57195675801087,1.52898945828218,1.63173261426317,1.5685114533217,1.60802816940454,1.52536920050157,1.62670582834879,1.5912309636391,1.56175266591291,1.54593645162739,1.49351696722676,1.58263434046744,1.59461571177328,2.5,Male
1.51263194047562,1.52077764471747,1.62800751368247,1.57230601985265,1.59160508025939,1.57314037967298,1.57865569339568,1.55003540672957,1.60178067859977,1.54195374578043,1.62128392869855,1.54004289306859,1.56377617266983,1.55167251875564,1.53457520437765,1.57284572111866,1.50579508034162,1.53516610277676,1.57889602885768,1.62701992168157,1.52298028360792,1.51960881489398,1.56926483348118,1.55345749131524,1.57133510283075,1.51966671249786,1.56373999039784,1.57370192396104,1.57342875396378,1.55971593360968,1.52798883456982,1.63139437393077,1.6642347383755,1.57587400107049,1.58310682375997,1.56273584069994,2.5,Male
1.61965133363431,1.62082683352118,1.56049156378066,1.58209927805966,1.57545684180747,1.56484395476577,1.53352265832625,1.57726497067383,1.59477771304927,1.55628486913562,1.56420671194547,1.54491408023084,1.51224299914751,1.55835995474914,1.62675781224399,1.61147352223839,1.5937139690634,1.58708424602262,1.53704036399951,1.58406805117963,1.60281474236334,1.52092588034685,1.5881805679535,1.59858710607036,1.68857119379047,1.65104330367766,1.69306296894558,1.61208314488565,1.54664106729892,1.68029101210073,1.57390508560947,1.61524051356517,1.58901717418589,1.58566969631617,1.55495802633666,1.55899324807543,2.5,Male
1.55699936119672,1.62349790991165,1.56846208464995,1.59253883065993,1.57423526631946,1.53647347478669,1.64754714340815,1.54097652989359,1.62447177032975,1.63871547806159,1.63409710203269,1.60693166756049,1.61397358560207,1.66567859375844,1.61622328337596,1.61618722064618,1.61988633636892,1.57946081135785,1.60457902108354,1.59009092270971,1.5603213168869,1.47999571358713,1.61738691536454,1.62247920570267,1.65737702515035,1.57108449946675,1.60290882283442,1.55221739410836,1.58327912472511,1.56616610411137,1.57556470767745,1.62756222988959,1.63229873583231,1.63191087091689,1.59227756975924,1.56810171151963,2.0,Male
1.56861936079547,1.64314799347329,1.59979193959714,1.55323078016714,1.5812675799864,1.59413993504867,1.6241765509524,1.59725487383746,1.62687122866893,1.61843501720234,1.64218008911857,1.65180671218285,1.60508787686088,1.54853838995848,1.61103661901277,1.6308595574408,1.53332782966097,1.58171070786953,1.61192224156752,1.61512855290967,1.60489859264548,1.60612194832806,1.6331125331818,1.57754465070243,1.62577181681747,1.61089825471893,1.57788642750397,1.6266371984016,1.56601106866535,1.60314216747681,1.58427490360955,1.6075532301667,1.65389132953185,1.61567887453261,1.6649776874836,1.66110086460456,2.0,Male
1.60087973353357,1.56601185690219,1.59727625479803,1.55220191372136,1.64297576044625,1.57492245938365,1.55238999034084,1.62246058146925,1.64075997288853,1.57379521046525,1.6146899670098,1.66013321418991,1.59714731131561,1.57516748675817,1.57213020527024,1.61228942296111,1.61781281428435,1.59026769316875,1.60618946906458,1.58874752567775,1.61747351804222,1.5863533571927,1.60536217923686,1.63085297315101,1.60693271711423,1.61300704672005,1.57117869782761,1.60902914896305,1.62263469337526,1.59358041255663,1.54973184505818,1.58768075784246,1.56944155928341,1.59239145227622,1.63621811515469,1.60139818090602,2.0,Male
1.60811739795181,1.64888823262898,1.59981622353421,1.60521973138579,1.59668609716776,1.61610616961508,1.68563135145008,1.6266339826224,1.62575289821226,1.68810085817556,1.7189165977271,1.62486292490275,1.66208137061699,1.64617226197645,1.66771524254556,1.61622998845767,1.70336951526992,1.6677041043556,1.57568766230504,1.55856746133893,1.58614017439705,1.55715844261569,1.62156280620502,1.64878233805619,1.64128336670226,1.63918928449497,1.65421177143254,1.61020519178993,1.57911070272271,1.60800013672288,1.62981038813702,1.66071181309721,1.66575772174224,1.65638748712836,1.58230023611442,1.59833490643918,2.0,Male
1.55976405787656,1.64113597735983,1.5591871748055,1.54469973078124,1.58748277364284,1.55492273354237,1.62404951584354,1.58521196854245,1.59310020430456,1.64597595340273,1.62956411707697,1.6766155086335,1.59692103667745,1.5596244556102,1.61398188749813,1.54518140676526,1.60497049189275,1.56799085618488,1.57314349228968,1.56479547173406,1.67502084758832,1.73107857752786,1.59369273943844,1.68949991723569,1.62161439780707,1.57331908133291,1.55262830452037,1.60498919175812,1.6173521730422,1.56999597352294,1.64208565428538,1.62843957349259,1.64798870744936,1.64943764606798,1.63829052839793,1.61406824533945,2.0,Male
1.68918322741641,1.65427717691261,1.49912039994804,1.61331739035995,1.61717264394674,1.58727911496482,1.62398651534254,1.68633237613559,1.63105521055434,1.5829001313122,1.63132421213804,1.67933653075515,1.56551777921292,1.67772352091229,1.63972130331517,1.6754010509563,1.59562721310511,1.61331679072188,1.61499707203909,1.57837390677919,1.60975723494825,1.54725220531849,1.62061818703315,1.68463888373556,1.67370263876355,1.6937361883782,1.56645346485123,1.62095443507543,1.63838430009467,1.56711770885518,1.67912180528567,1.68130920914301,1.68624648072319,1.65815030858052,1.65414352389696,1.66972334837208,2.0,Male
1.66298878289044,1.60300323853127,1.6045955390856,1.65239856883527,1.60226936149642,1.60632898114398,1.59363398691347,1.61864683428112,1.56184990924385,1.63510689226253,1.59804931417283,1.59324215659972,1.63690337588994,1.62991020272854,1.5886087943833,1.63496090747867,1.60498363890588,1.59558945823284,1.58002469904555,1.57371753042075,1.5601424807258,1.55184082070699,1.62264803773973,1.6024442997688,1.67151391749852,1.64478090604832,1.5539886009284,1.64206151301283,1.61506342137087,1.58561656414572,1.62874848911927,1.68737365191861,1.65812582029027,1.6635923425563,1.67373823420103,1.63390811214974,2.0,Male
1.58817411482867,1.61156656843725,1.68353840330819,1.69124347155375,1.59696726894313,1.64480489894176,1.56064029463308,1.59884719902397,1.6182521211581,1.59438174960499,1.62253032309716,1.64997799898616,1.60415885271821,1.66457597019418,1.56892798292046,1.60372196230138,1.59669577326755,1.52628583368518,1.4894820124344,1.555289532065,1.54976516498436,1.45316561095815,1.61888927074153,1.65409378883253,1.59284517438607,1.64717539537683,1.6015985565111,1.62848140097166,1.6175824081672,1.58248364845423,1.58697201132634,1.61466461943241,1.57722685686753,1.61993077398359,1.64238374247159,1.64521998435656,2.0,Male
1.65838058521074,1.66914321168216,1.55190168812832,1.56800441338918,1.62188028624399,1.57960809577352,1.65585554796422,1.65691724603925,1.62208231729027,1.60253448922774,1.58404798651683,1.57295166284545,1.60066110221313,1.59091458391587,1.63803029488897,1.64203235774234,1.56139651464047,1.54965548254155,1.55344632640669,1.56772758748326,1.55243372932179,1.61304609692616,1.63437094677726,1.6346559706492,1.62191494072545,1.58978913200485,1.5091201275904,1.63118489297819,1.64155610992353,1.46498882169816,1.5363769759503,1.56794833757484,1.59737864324167,1.59683162737686,1.63365054196481,1.67185461068534,2.0,Male
1.58774507616282,1.67815838963417,1.60846591522226,1.60834951031875,1.65096194473449,1.55563046006224,1.6687822176377,1.5961423817008,1.61479295592339,1.59487538755052,1.66163046997512,1.63817496276941,1.64470542246009,1.61628948105657,1.68944748005089,1.59383866193833,1.62659303568893,1.59533456515649,1.65345434197915,1.58983021875992,1.61092953297889,1.62897179167044,1.58088780319939,1.59949283003697,1.67569661880735,1.63989439833955,1.62937453433609,1.67324073597565,1.68725594901018,1.6291738759427,1.63712313841307,1.62888993527464,1.62578722090553,1.64133072201325,1.6194077699948,1.63000159359036,2.0,Male
1.63653720458754,1.59759163190209,1.58575187883052,1.55522002902787,1.58832520740788,1.51775685029301,1.56704891548632,1.54759003488243,1.55064445587539,1.63380886689171,1.48210928659951,1.58438122989541,1.58250400275558,1.64526301630799,1.5830931123539,1.5529663835275,1.53635144068261,1.59568662024276,1.50986389525932,1.52221590807314,1.60708604367766,1.55046114244741,1.52307042886917,1.58007965695898,1.57219179291778,1.61347936249342,1.56547564206999,1.54232800881421,1.6126903134485,1.58534371158661,1.49643832639024,1.49039285866066,1.58725122132046,1.56549466627561,1.54781726585004,1.59539954244131,2.0,Male
1.53266137723243,1.59891695117662,1.62703419272595,1.56152950288889,1.55762959677852,1.59902393664099,1.60184368037387,1.5940736993237,1.5437959170783,1.60877662825839,1.59867348609857,1.59423286715345,1.60789409220859,1.57309663693041,1.54180097294698,1.5927499325049,1.64349966779777,1.54025068030753,1.59636435817338,1.57504744535816,1.53694178973239,1.58994145169519,1.66234979510799,1.64329707857328,1.6371639688748,1.57358409347904,1.58191601139334,1.6003906750633,1.58670334538005,1.59014797490497,1.54236804817558,1.57927747416788,1.55363692708839,1.64039919624833,1.56388156873181,1.61437834547431,2.0,Male
1.56659276436525,1.61023114740269,1.60756370638597,1.55429824286212,1.57808824141039,1.6196869544943,1.55128727075406,1.59910796537704,1.59915937884726,1.61974741461581,1.56401012079967,1.57914043571901,1.63632605579541,1.56079125217627,1.52771535069042,1.61908070863069,1.56070962261198,1.52706911031521,1.62189387019387,1.49090666496047,1.47917325264112,1.56442726723575,1.54884435621872,1.51690327031939,1.59557199228575,1.5676374681292,1.50898107296244,1.54991841482322,1.51407270124077,1.60628816813407,1.5423126300923,1.53334068670867,1.56781965182231,1.53290966324237,1.56650851874571,1.60931999982827,2.0,Male
1.62000791274039,1.59071748203394,1.56511318478995,1.58946823976541,1.60149997335139,1.61785192368308,1.58411666261088,1.56564347620508,1.56231519442808,1.61826741796292,1.57301426591875,1.58762016325133,1.67586159741879,1.60564260567769,1.54722683523638,1.58839753683784,1.5229477709188,1.59788509135403,1.59076535752243,1.63201515780619,1.61316696329673,1.56663050597807,1.53241460241025,1.60993110170753,1.60761656500744,1.59339854687412,1.57478739617572,1.62761095551448,1.56430034557131,1.53388344848322,1.5615479007746,1.59954982845849,1.59720419923188,1.61418388389216,1.6015104460911,1.62888279973852,2.0,Male
1.62236763280941,1.62001216059334,1.51577741951374,1.61789122054171,1.53509843222458,1.59261356309716,1.58503030801677,1.60280406267561,1.56831906659808,1.56162916330777,1.59234541924565,1.6319775943092,1.56461570491844,1.53635148198348,1.59422526741003,1.63651253793627,1.47814043216715,1.59438116644723,1.53365190529901,1.63198562709933,1.62605284750009,1.69228129518487,1.59405234825747,1.66032342934907,1.5056890145969,1.57653137133954,1.57054393656966,1.60284144117986,1.53785525168247,1.65907349591013,1.68364119359533,1.64694975360865,1.65074402746724,1.62150544968803,1.60587228479014,1.59107837102823,2.0,Male
1.56388933828704,1.5283448799851,1.58444292284011,1.5677828226708,1.55153393629257,1.50457539018655,1.55472625829221,1.57135690568968,1.58079125638167,1.53063067758443,1.53519743714635,1.50267033061858,1.51928338751199,1.54196200881478,1.53177255665244,1.58036645861955,1.53527396029235,1.5844200689068,1.57545165481698,1.56347507993032,1.57952510821416,1.5497558514307,1.51434015541141,1.52466730432773,1.53460393467305,1.55203238785894,1.62874971377914,1.65425667573111,1.6084741655487,1.65005003139747,1.53761616469087,1.60829934260082,1.59388653501139,1.54991231576903,1.55739927445063,1.59650648280014,2.0,Male
1.60841927097466,1.57057698594213,1.64593647110927,1.52027607307148,1.60805016370083,1.58725484121661,1.49460185189856,1.58982750057587,1.5721185880241,1.61265219553551,1.5754711137782,1.5495954035799,1.5942586023218,1.60486896091727,1.56612150120125,1.57988338348026,1.63237015111136,1.63256273513273,1.54527227982148,1.6427940238064,1.56284734578268,1.52488470978695,1.53480910831013,1.521129609253,1.55124933783377,1.53635056395271,1.60434925737202,1.6140525403929,1.61758595605834,1.62077346693687,1.512577915917,1.58901965418172,1.58444414341069,1.59519753167585,1.53967840103951,1.64158421339547,2.0,Male
1.60833175845607,1.60783533878529,1.57498108479839,1.58005019473832,1.55826413849038,1.58391904786257,1.60975766234351,1.54617757302617,1.52493936328062,1.64971199402192,1.5920846464419,1.53264720383786,1.60560062457243,1.56256875272752,1.63279121957294,1.59395322527185,1.6058357303198,1.63788381849268,1.55101050803471,1.57830239748104,1.63561885671605,1.57035772589534,1.62485861326929,1.58436344218281,1.67263102346885,1.57057624428596,1.60061972963919,1.59430383430955,1.6053601475777,1.60303591274275,1.56811737272971,1.54308061565193,1.59964106628644,1.59665360289512,1.57442745029811,1.60726706326739,2.0,Male
1.55958610299613,1.55328269846179,1.55473781523883,1.5801151169236,1.55657699404096,1.59404411660537,1.52121525745345,1.56758367609711,1.63815865879802,1.53691687252338,1.57856473826113,1.5643767769582,1.56549957436084,1.51850057678689,1.5901475807445,1.62065956824469,1.60378643408554,1.57281852222991,1.52479123688262,1.52806889658254,1.58594112604428,1.51974488173284,1.55098756903468,1.57888587408354,1.6130327526215,1.63906825832613,1.51801913998811,1.61339543634728,1.62798280646093,1.50931821814953,1.54890844558815,1.56605028191216,1.55111658571294,1.57275611201995,1.61047116918881,1.60449625247869,2.0,Male
1.55706397270122,1.58141991302351,1.54387649234083,1.54365645410356,1.58146894248686,1.54868130333652,1.67220202500217,1.60832597513362,1.57750936229322,1.5999464340514,1.6326110371355,1.64898335110491,1.56163084688172,1.56598713844496,1.5823002466185,1.59596702785725,1.58823494026037,1.57819893478938,1.55917132485165,1.58376461797052,1.54360297550695,1.60958911046068,1.62299847607765,1.5551270426209,1.54058983238746,1.63596979736888,1.57166417148714,1.63175634486638,1.61147549581434,1.51445510631355,1.57742659158947,1.60618529152265,1.59324263835899,1.62046201855995,1.63748452604964,1.63786915021114,2.0,Male
