H_all2,H_all3,H_all4,H_all5,H_all6,H_all7,H_all8,H_all11,H_all15,H_all22,H_all27,H_all28,H_all31,H_all32,H_all36,H_all37,H_all38,H_all304,H_all305,H_all306,H_all307,H_all308,H_all309,H_all310,H_all313,H_all317,H_all324,H_all329,H_all330,H_all333,H_all334,H_all338,H_all339,H_all340,age,gender
0.905937749,0.793532917,1.033592822,1.015623957,1.054826891,0.925612962,0.984156817,1.050124469,0.886919439,0.991471417,0.784703997,0.821464257,0.974615944,0.98030491,0.807366075,0.911673521,0.911849842,0.86261711,1.021572332,0.90549052,1.004220798,0.994988305,0.950646703,1.00162298,0.938162406,0.798069115,0.982097708,0.787051258,0.759092804,0.845479259,0.89105729,0.834454418,0.847730089,0.906580416,1,F
0.886646241,0.804016696,0.830535772,0.808268192,0.964832711,0.908473452,0.997686984,0.880144231,0.792713755,0.827766842,0.915575273,0.80791121,1.037964585,0.920136293,0.925245006,0.905114371,0.867903991,0.902376693,0.80323929,0.820578375,0.870062912,0.81685272,0.922189849,0.806829649,0.802180508,0.911621097,0.882622078,0.93717047,0.744801394,1.205090412,0.904760737,0.835853576,0.780735085,0.882511,1,F
0.997950164,0.889553502,0.818151128,0.945879908,0.795725166,0.925282997,0.906605838,0.816937249,0.768105086,0.835839002,0.841428021,0.934823313,0.809487124,0.884618117,0.760622286,0.821634682,0.799693591,0.914117711,0.835785557,0.849242916,0.886217538,0.79156181,0.859398572,0.843706928,0.855489204,0.853605124,1.012709749,0.92568286,0.872863153,0.992571248,0.905970541,0.873933178,0.879653252,0.835943508,1,F
0.71776431,0.841876995,0.912216391,0.90398745,0.910858372,0.790559546,0.824475391,0.959732467,0.798017854,0.895320928,0.770232621,0.720340301,1.025345872,0.845034946,0.840964916,0.763963584,0.776176389,0.835050364,0.75953531,0.962455402,0.82150779,0.945985559,0.772803758,0.896216378,0.920523551,0.67866574,0.881609694,0.708842277,0.859492547,0.911695098,0.893979248,0.875491767,0.873500542,0.822519049,1,F
1.096885667,0.867790371,0.91602388,0.979716856,0.972630886,0.91501683,1.033276836,0.974636047,0.840312926,0.945475937,1.086208796,0.888336349,0.887232577,1.036154273,0.911303086,0.854053467,0.817901431,0.940235826,0.889459887,0.90539159,0.985742407,0.90957605,0.96743627,1.005906209,1.007688135,0.985435415,1.007956126,1.092918748,0.890321876,0.95803191,1.05123155,0.934495239,0.744273412,0.74820196,2,F
0.935113263,0.8326603,0.90331353,0.739315102,0.904002011,0.81586902,0.777705393,0.819588652,0.83656401,0.830195527,0.849673542,1.000250195,0.816285261,0.919809192,0.878884925,1.013514386,0.920407532,0.80457993,0.898044808,0.927888353,0.768245957,0.852985481,0.876147092,0.815366161,0.866307865,0.809782788,0.747737181,0.962458894,0.989577238,0.872787822,0.861779534,0.88150215,0.773042298,0.830164069,2,F
0.936507942,0.905895862,0.949902111,0.959259026,0.75629822,1.113095854,0.788669584,1.041749976,0.837822359,0.750196893,0.923193543,0.838078334,1.02280863,0.82138386,0.945606882,0.966150763,0.882580412,0.858969869,0.837658888,0.980227573,0.836725605,0.88427404,0.881154227,0.903845702,1.029833223,1.999999963,1.999999963,0.817488421,0.848791673,0.794089064,0.902934471,1.999999963,1.999999963,1.999999963,1,F
0.973266777,0.90494074,0.846037838,0.922750617,0.896708314,0.922484858,0.898711426,0.908369596,0.761665629,0.770388477,0.946589852,0.657873467,0.893809884,0.850702391,0.878079528,0.847887377,0.931735053,0.849439871,0.774406406,0.796607349,0.742804821,0.738653724,0.905588816,0.768857864,0.896580714,0.809194737,0.758466965,0.763932279,0.861269152,0.788100387,0.890220739,0.781052806,0.777662068,0.777085655,1,F
0.894796498,0.901719869,0.944091052,0.945004569,0.904044814,0.887347691,0.985411888,1.015792983,0.845655083,0.92495651,0.8742998,0.828015178,0.894930742,0.827731497,0.964864197,1.015069381,1.053212512,0.889058813,0.770361709,0.840189785,0.86918292,0.89509651,0.883956517,0.847575235,0.992430397,0.967249643,0.809253446,0.868901369,0.812347946,0.848295057,0.792716801,1.11397885,0.960265171,0.930106806,2,F
0.892981295,0.93440106,0.890487332,0.9789866,0.827347386,0.935625824,0.833099695,1.013768152,0.815604375,0.808489072,0.819115119,0.783461478,0.87520998,0.982112834,0.833753207,0.757617169,0.750022796,0.77785781,0.763993427,1.999999963,0.761554767,1.999999963,1.999999963,1.999999963,0.813849698,0.989306461,0.881063417,0.822218262,1.999999963,0.888973947,0.92951375,0.810771699,0.760021274,0.73625617,2,F
0.854842705,0.85490537,0.87003106,0.850229462,0.867238839,0.888646251,0.881910691,0.976617165,0.768248947,0.937118216,0.882495843,0.783147967,0.927178187,0.923965137,0.769050331,0.760485371,0.695216315,0.969697227,0.825535937,0.8462486,0.850072408,0.701605624,0.800794808,0.890996838,0.881031933,0.854572499,0.956811724,1.01130685,0.776840725,0.84679484,0.860965142,0.943284267,0.837230263,0.755323174,1,F
1.018150423,0.960100172,0.988008485,0.991851194,0.957360889,1.094474336,0.983655719,1.03826777,0.910392476,0.966743658,1.023185179,0.86387971,0.936268487,0.939333241,0.894564182,0.862985043,0.864312947,0.986279436,0.856086221,0.904525885,0.818040579,0.80930149,0.903017356,0.753260485,0.791438713,0.870151289,0.917510599,1.001354381,0.926240069,1.075127617,0.886786982,0.945647182,0.925159716,0.878402618,2,F
0.871170732,0.801867515,0.77946679,0.828972554,0.78967506,0.842340758,0.927165731,0.834103639,0.926921351,0.892713453,0.901724302,0.945435815,0.687592262,0.906632575,0.931497697,0.864442989,0.906172432,0.918720136,0.867940678,0.854268878,0.886913522,0.897217349,0.767982625,0.753091478,0.992075525,0.921994669,0.801815689,0.829643551,0.812752383,0.981862261,0.929398206,0.763610114,0.871992874,0.803585088,2,F
0.989674826,0.822593268,0.828355967,0.896530857,0.885298466,0.823185936,0.992869507,0.84287419,0.860104603,0.830137302,0.785016615,0.743131348,0.835966369,0.885623655,0.820579091,0.941143425,0.876850225,0.893749918,0.818088131,0.82681875,0.820258804,0.769393599,0.797309774,0.903169691,0.827794271,0.936899458,0.880571423,0.762842829,0.782736078,0.99788865,0.778656792,0.711793245,0.794876839,0.785538796,1,M
1.02328218,0.979107509,0.765996576,0.772533957,0.851945229,0.843571752,0.786777186,0.822510092,0.757606805,0.806134048,0.786265207,0.731925818,0.880802915,0.859084989,0.876007585,0.765998235,0.877929935,0.861761219,0.705617231,0.696037161,0.800318571,0.767536055,0.777454279,0.770423018,0.715704878,0.882262494,0.895560529,0.814133985,0.997689797,0.899958458,0.872056046,0.879429812,0.771760748,0.808907665,1,M
0.822499729,0.832917138,0.824133501,0.806041191,0.88226174,0.749184367,0.892566683,0.835510957,0.744275547,0.822365602,0.902375519,0.786730547,0.986237321,0.906070339,0.880073854,0.892434732,0.795639975,0.789760376,0.833267645,0.827022769,0.883953561,0.939660318,0.807983942,0.780303857,0.788503492,0.795044063,0.851394299,0.847344187,0.701114842,0.932815861,0.791032826,0.954100324,0.933537781,0.893051474,2,M
0.978151052,0.759868456,1.040508904,1.065003533,0.992620971,1.049823555,1.096532139,1.015608003,0.868987977,0.817655929,0.879776458,0.630229404,0.860026347,0.802545104,0.801941834,0.854087062,0.860417712,0.842888645,0.662255552,1.141419223,0.985184333,1.053181684,1.00302472,1.116025227,0.983072641,0.873643785,0.906526015,0.791483522,0.732560457,0.959545126,0.888541058,1.019294232,0.840988224,0.868587833,1,M
0.894980083,0.920811194,0.863585798,0.809359052,0.86354255,0.801127929,0.77575865,0.850237159,0.827618197,0.754881689,0.763351691,0.798264849,0.822631636,0.860253878,0.922918764,0.880599697,0.877317083,0.807180869,0.923598696,0.887405816,0.876803589,0.867760938,0.84059896,0.774618959,0.975839913,0.744922611,0.842000133,0.873383305,0.893264346,0.914502175,0.989968113,0.857692272,0.783173314,0.818052484,2,M
1.060787574,0.980017287,0.898770435,0.998263873,1.002469058,0.895562619,1.020585774,0.995563337,0.952336707,0.995333476,1.058656913,0.966997825,0.916933009,1.107385621,0.957509951,0.833978878,0.895086285,1.04999223,1.053915402,0.896586126,0.994135229,1.017918332,0.96057161,0.833552114,1.103413743,1.036181493,1.099875053,1.134248678,0.901908603,0.926579985,1.125963299,1.056775045,0.795260658,0.925779069,1,M
0.977720374,0.975747308,0.827934839,0.99364581,0.979792204,0.917220219,0.992140141,0.955349763,0.970009861,0.894940744,0.900338404,0.957666093,1.093912587,0.973600432,0.931244727,0.814484717,0.856875798,1.076080878,0.966951072,0.868406216,0.929679305,1.023798446,1.019231254,1.025892197,1.007816029,0.871201679,0.903875632,0.926562295,0.845078368,1.003463361,0.866838365,0.859020319,0.925934186,0.921708967,2,M
1.075312961,0.91300054,0.877356905,0.978100501,0.842672296,1.010631284,0.933875834,0.941378695,0.811078346,0.848166827,0.927146591,0.893231955,0.922681992,0.813904522,0.76729265,0.728702469,0.747338531,0.873939955,0.842152284,0.984142773,1.030116238,0.922524005,0.910276147,0.923866211,0.829509906,0.817600826,0.969407728,0.764541914,0.826430926,0.847595553,0.855939429,0.943977415,0.876149693,0.909314205,1,M
0.975602394,1.004005606,0.872696908,1.028178766,0.959871754,1.014372769,1.097438332,1.037603933,0.933242368,0.972917602,0.911696391,0.941423886,0.998907973,0.968351364,0.974833294,0.687114486,0.855725778,1.081946376,0.931527706,0.998821184,1.020970228,1.012893753,1.040782143,1.10094879,1.020183152,1.005179181,0.963209582,0.908539056,0.895508433,1.019389371,0.936862151,1.043604123,0.9526028,0.954687956,2,M
1.043522531,0.985156747,0.964418895,1.095038819,0.871007805,1.019402242,0.997611877,1.047059089,0.822580357,0.916172962,1.026250261,0.961252893,0.984488887,0.840047648,0.985847902,0.980256959,1.110195404,1.018373164,1.065192404,0.925352229,1.004930551,0.954166867,0.976552722,0.944422171,0.871878924,0.832474087,0.924067946,0.976315727,0.857397738,0.91603163,0.975246124,0.956904387,0.85397011,0.831599263,2,M
0.884241486,0.903185173,0.969704323,1.013782637,0.945147809,0.863592639,1.040758423,1.002510556,0.950421943,0.898370857,0.917736898,0.823986962,0.858788364,0.929525706,0.896267175,0.77582843,0.788618473,0.843338671,0.697157641,0.969282563,0.989176876,0.808334037,1.083918894,1.019978083,0.929825518,0.960422136,0.955327234,0.808411053,0.943987521,0.819883888,0.930224594,0.821107539,0.846009728,0.831325817,1,M
1.020106401,0.808159056,0.67251918,0.91048386,0.934445059,0.863804725,0.870807867,0.914451293,0.825990141,0.897237416,0.942165224,0.826941515,0.920155067,0.883590651,0.848366859,0.748974815,0.800490166,0.949961353,0.873011622,0.80465984,0.705982541,0.896805309,0.906266555,0.944431696,0.792337938,0.826714809,0.854467839,0.881649607,0.779859729,0.879460637,0.835412382,0.970273805,0.684828452,0.810653495,1,M
0.971930463,0.999688477,0.905677019,1.020945406,0.96057257,0.902255553,1.002765499,0.944422762,0.73946932,0.861114544,0.895747365,0.870918807,0.790061617,1.016160146,0.863775669,0.696877163,0.77181657,0.96679134,1.007635571,0.930537756,1.015070099,0.854409203,0.983192401,0.920585595,0.986960786,0.923596896,0.817880624,0.945023037,0.930594007,0.890775541,1.040623677,0.951561757,0.868577878,0.936426547,2,M
1.049316779,0.882642175,0.999679972,1.02276289,1.042356976,0.878039679,1.080225083,0.915398067,0.86605868,1.042222886,0.961325238,0.832263499,0.896089037,0.923469637,1.003355177,1.0196694,0.900078906,0.921580677,0.892554109,0.938053171,1.073943842,0.803488981,0.91258001,1.056513797,0.867279261,0.843178909,0.938511349,0.771017845,0.913403902,0.865309707,0.901413368,0.801248592,0.82322264,0.765196482,1,M
0.959061662,0.783316796,0.918157885,0.851969884,0.769802915,0.813265229,0.91002425,0.793756404,0.948059455,0.807960506,0.818131133,0.887572704,0.913672251,0.780865097,0.812238728,0.887787172,0.854829517,0.887339508,0.829822946,0.875889873,0.797108102,0.777294172,0.957233487,0.914390133,0.824632642,0.935422273,0.712333365,0.904189904,0.702207206,0.945455854,0.848369466,0.699264949,0.775970872,0.61958759,1,M
0.714523946,0.786616879,0.917379779,0.740801976,0.897930342,0.821732576,0.77041162,0.911122597,0.960843587,0.831845077,0.795658832,0.841980799,0.913796239,0.849073904,0.832887071,0.915829173,0.787545952,0.951340764,0.886226147,0.959701336,1.031152387,0.990915983,0.969039548,1.040353732,0.945940394,0.856406033,0.86052405,0.783981282,0.836364091,1.00187236,0.946867415,0.961957776,0.83175168,0.768503551,2,M
0.936203226,0.871654719,0.887601724,0.774020886,0.821067767,0.939241511,0.763079189,0.871331348,0.945932969,0.865449452,0.811453079,0.813354216,0.852369492,0.850438631,0.925304956,0.903812613,0.772645631,0.945504553,0.704132682,0.863794674,0.814347625,0.87200459,0.908648603,0.916098318,0.910027901,0.957174075,0.730606727,0.9616743,0.720462853,0.89222166,0.670715595,0.943678553,0.687957152,0.764378035,2,M
0.892803597,0.861040018,0.95088824,0.953437023,0.787741696,1.027152154,0.823506841,0.989756828,0.845150187,0.609850741,1.00260641,1.031550152,0.936643345,0.744191186,0.880972716,0.808981308,0.859881165,0.801921746,0.902189022,0.892875397,0.831090497,0.743980801,0.919348103,0.877829059,0.834230515,0.825230099,0.717625493,0.974643077,0.729386921,0.899231963,0.707080499,0.819677115,0.798744127,0.854967123,1,M
0.95349333,0.919605544,0.990406869,0.862990419,0.855736175,1.025304465,0.854021822,1.010502338,0.761857121,0.766358204,0.93338965,0.788795221,0.840559974,0.889208904,0.692369358,0.7630115,0.682141606,0.76435334,0.866150962,0.842962162,0.704756778,0.76619125,0.916964469,0.740754157,0.898110616,0.797502194,0.789503969,0.93652132,0.916175608,0.803825078,0.865160785,0.81472207,0.909174964,0.877648989,1,M
0.940659341,0.891518893,0.810476715,0.916438094,0.826863414,0.901844766,0.818636833,0.929523789,0.910132312,0.831286747,0.913784742,0.844731312,0.823354239,0.930281561,0.798177987,0.865258718,0.924744518,0.806026372,0.777841836,0.839725584,0.86133193,0.775074935,0.773654973,0.801534153,0.90525235,0.802696722,0.9661039,0.907085548,0.890069773,0.885428853,0.966587365,0.883016429,0.98336564,0.963274845,2,M
0.927066175,0.85860898,0.863001727,0.845618432,0.794319084,0.903617098,0.982996415,0.953703094,0.866339141,0.849236199,0.915572237,0.76228922,0.884810477,0.865868856,0.930930056,0.914565255,0.896623622,0.875822451,0.861721165,0.873498386,0.93646615,0.86302479,0.940201718,0.846605197,0.933306748,0.836258805,0.910168924,0.848913211,0.950693889,0.939712251,0.913914386,0.833952602,0.809526163,0.753810106,1,M
0.869140704,0.77867747,0.86687538,0.941794291,0.725412721,0.930245322,0.75989864,0.786813465,0.950215633,0.799886447,0.812080962,0.953749703,0.798441544,0.889803173,0.957871714,0.858512243,0.829547043,0.854516351,0.906442504,0.85454911,0.781006296,0.726092546,0.827221013,0.909288595,0.832694345,0.895570118,0.808200185,0.761350387,0.662684272,0.942092581,0.806550241,0.947625486,0.843740607,1.042252153,1,F
0.895294559,0.906373553,0.904488014,0.960755574,0.800759732,0.967310876,0.951716547,1.000325594,0.948829936,0.989281224,0.839920585,0.657877543,0.730497241,1.044294975,0.955106834,0.816789413,0.726807777,0.883079261,0.882660026,0.945071487,0.853676498,0.827386565,0.824796167,0.849770087,0.966122387,0.86172752,0.922290797,0.959473714,0.857681577,0.966163092,1.119098442,0.987874718,0.854124433,0.832501561,1,F
0.703684795,0.823619003,1.013306754,0.807333421,0.772525915,0.824533234,0.930663375,0.917301661,0.847469601,0.937257253,0.829951728,0.851609354,0.883240078,0.916151117,0.743720904,0.762391411,0.726161252,0.750051802,0.77418345,0.871192278,0.954856148,0.799574904,0.79254418,0.723331233,0.899482433,0.81117378,0.760502049,0.798479832,0.679132075,0.868619959,0.784362458,0.901260907,0.867260991,0.74842328,1,F
0.941209979,0.762521987,0.834923764,0.855198215,0.771732167,0.900984559,0.81216505,0.788737914,0.859457786,0.820572514,0.925869793,0.72110747,0.938352918,1.004376615,0.806609746,0.685733319,0.76925705,0.831339061,0.749129238,0.779243754,0.934005452,0.777268276,0.887323007,0.8265103,0.819380458,0.769959521,0.761685584,0.927036321,0.834015415,0.969883484,0.872630976,0.743501219,0.822386756,0.671127121,2,F
0.947583488,1.016515116,0.966046071,0.930193337,0.878436783,0.92549436,0.988782711,0.816758304,0.774334127,0.856488329,1.01252194,0.872647912,0.931162509,0.963055164,0.87702489,0.768432568,0.860018046,0.976689469,1.093810091,0.89513764,0.937263833,0.964755985,0.995745592,0.79898565,1.012637635,0.934983087,0.988070173,1.048064547,0.777893742,0.912292979,0.850874313,0.982833751,0.796146145,0.907910435,2,F
1.022470812,0.911635885,0.985064581,0.901677663,0.990959636,1.0636622,0.917418924,1.081918945,0.962911646,0.872945579,0.949762537,0.93751339,0.903422366,0.976172922,0.885593227,0.815472345,0.925034238,1.042530195,0.946401909,1.02758839,0.95146367,0.724662016,0.920433498,0.936081342,0.984479083,0.905545513,0.853757919,0.879983081,0.921660148,0.987977288,0.979577951,0.916800995,0.736281732,0.879496794,1,F
0.76610278,0.778174531,0.756152101,0.846212778,0.878375349,0.813986633,0.899378939,0.8712313,0.81149995,0.835075979,0.906661363,0.678567217,0.805765306,0.937275884,0.87246435,0.833866816,0.821159541,0.8756976,0.840380098,0.969805735,0.82315554,0.858532783,0.926476554,0.809237861,0.807461218,0.867950653,0.864788286,0.841223393,0.718780351,0.823520178,0.987916369,0.898983559,0.825348123,0.858321381,1,F
0.834265649,0.849820277,0.87862425,0.665507484,0.711713427,0.820635764,0.734681321,0.935691737,0.87246452,0.714881627,0.976103533,0.810297994,0.792807763,0.84205808,0.902677681,0.780836947,0.833078975,0.773632448,0.767114203,0.823978842,0.818588085,0.782829257,0.75106437,0.790804851,0.85215229,0.887154993,0.763453372,0.908769046,0.85153489,0.657701065,0.808272739,0.70831767,1.060716528,0.880657785,2,F
0.878925534,0.918401981,0.866936727,0.8321518,0.887502946,0.869527572,0.89134836,0.860400681,0.806301865,0.926857685,0.844520579,0.868476464,0.737368828,0.994791021,0.861961927,0.791428338,0.907021243,0.94474313,0.923980852,0.941520072,1.047418315,0.947385612,0.986236341,0.997359537,0.953682886,0.916012558,0.900557363,0.977606599,0.876566527,0.794745092,1.083854248,1.003902553,0.890543872,0.991313117,2,F
0.789648601,0.845685281,0.85207369,0.778069686,0.796427212,0.834861164,0.729517622,0.828226601,0.84903981,0.704919532,0.944392123,0.769085714,0.871467681,0.853347334,0.806503311,0.805589978,0.832888044,0.860889133,0.965091948,0.853595776,0.92474299,0.910059799,0.876601216,0.847182276,0.945648174,0.853446366,0.797608256,0.961925957,0.766347943,0.76569616,0.837375644,0.745624243,0.802712073,0.840866851,1,F
0.885011947,0.931409779,0.848760205,0.859630861,0.891022245,0.872626059,0.769480531,0.913431778,0.827662898,0.92406956,0.911337268,0.85739693,0.849197419,1.005365722,0.899921714,0.867157141,0.794567823,0.898054457,0.886899398,0.806806013,0.860723125,0.926750233,0.736476662,0.843535504,0.912289255,0.755930795,0.840683297,0.838823404,0.852553074,0.824473593,0.849792259,0.925909993,0.810047719,0.841141129,1,F
0.979984131,1.050632844,0.963592104,1.053422234,1.011660752,1.033601127,0.935505019,0.972972992,0.791414666,0.890191792,1.064015412,0.914435353,0.922466323,0.945429083,0.969941532,0.988963906,0.942636861,0.875985044,0.860237783,0.864841363,1.033509707,0.87280268,0.96859638,0.872586486,0.924638028,0.765342268,0.91629807,1.000630677,0.951098574,0.898478915,0.943500794,0.770022661,0.849868756,0.749989797,2,F
0.931629403,0.877343837,0.994068551,0.901152887,0.843691162,0.909068184,0.928590025,0.913492125,0.839546788,0.651361242,0.979656321,0.858358861,0.8700449,0.920966437,0.894144758,0.85777022,0.907288024,0.829496833,0.99500634,0.79171051,0.875020982,0.879252227,1.001439471,0.817794339,0.810905233,0.735450914,1.999999963,0.926032265,0.873833497,0.855147173,0.857413436,0.758004429,0.66338761,0.773067461,2,F
0.824067115,0.627988289,0.923716942,0.945477221,0.753261427,0.946925755,0.838068636,0.900310274,0.868630923,0.854252154,0.842361906,0.903528677,0.937446277,0.864918159,0.804999192,0.827155714,0.879640153,0.738064811,0.747213475,0.834453235,0.846290319,0.840093732,0.904884703,0.793585518,0.926490703,0.859287663,0.836902819,0.81119351,0.632931726,0.925660158,0.881563826,0.882928758,0.869350494,0.739224515,1,M
0.936707727,0.825222408,0.769179022,0.837854324,0.788318444,0.793685807,0.845462444,0.876058987,0.714244773,0.803724881,0.758622618,0.827592906,0.817817324,0.728778063,0.856487333,0.752977665,0.816047298,0.765602532,0.771206383,0.757635864,0.747139073,0.751256656,0.902833342,0.762941898,0.79230531,0.884347809,0.784607572,0.853589844,0.732477417,0.915163663,0.833320843,0.872627754,0.86319841,0.857702967,1,M
0.906762191,0.833836938,0.911836257,0.944741327,0.885812826,0.901903817,0.936602195,0.817644477,0.781248321,0.809475166,0.838871253,0.916167053,0.934220955,0.786884042,0.859880849,0.823248567,0.746275041,0.778081957,0.797879531,0.925939109,0.883916436,0.892885857,0.872781397,0.891880608,0.995487123,0.937081387,0.659604214,0.902016534,0.945197322,0.858138557,0.82708631,0.828055308,0.833130159,0.948281476,2,M
1.22581806,1.246027737,0.914222437,1.010869492,1.064089175,1.119749182,1.116318695,1.16179014,1.22650138,1.155191903,1.297304259,1.0186918,0.997605906,1.247663174,1.137513728,0.944799883,0.994749021,1.256237373,1.300660826,1.038163438,1.027324598,1.133692004,1.186450228,1.172244767,1.210570187,1.179041631,1.129299224,1.384383607,1.014459509,1.031911357,1.316794438,1.132658325,0.89945589,0.960767208,2,M
0.86585725,0.841401076,0.907313503,0.810907627,0.81182646,0.799892973,0.841525496,0.932359431,0.866635429,0.990603863,0.850978212,0.785714594,1.12624546,0.907827428,0.844471347,0.76770827,0.874318357,0.954979232,0.827972207,0.843233488,0.998815179,0.93576631,0.851037981,0.943330008,0.839833984,0.823850402,1.013322237,0.873626023,0.780804007,0.946745044,0.962823204,0.870992025,0.801681821,0.88255727,1,M
0.996281965,0.950378289,0.965588877,0.790871744,0.762854298,0.945689645,0.892657967,0.95497647,0.860012962,0.873163795,0.939284598,0.883790343,0.936569389,0.891031045,0.820111486,0.821265798,0.895556289,0.801086734,0.904020597,0.968243426,0.907023296,0.839217129,0.899095316,0.828266723,0.878606587,0.833668882,0.883333702,0.91464487,0.808939332,0.879364922,1.001020533,0.774900924,0.910986857,0.883957581,1,M
0.810659801,0.83300798,0.950350943,0.838826318,0.828395357,0.775378037,0.801694225,0.805778306,0.941745229,0.85370438,0.785610076,0.774969551,0.986513954,0.780257082,0.805947342,0.884801565,0.829647108,0.757774141,0.935246169,0.800412818,0.858479121,0.775149272,0.802772611,0.879965827,0.765414229,0.79808631,0.808382473,0.704469424,0.689367301,0.998855187,0.854214241,0.813801239,0.863584965,0.723274666,2,M
1.046721174,0.910507821,0.929534971,1.057059195,1.011346165,0.940433662,1.045162402,0.898458145,0.841430831,1.033355227,0.866532945,0.779998183,0.993847337,1.037602857,0.758456279,0.847670356,0.786111872,1.029223586,0.972057445,0.778937208,0.915195203,0.873728323,0.784499126,0.900289708,0.950146995,1.04655114,1.130620814,0.843626922,0.729291669,0.935929071,1.056553245,0.897389601,0.817632607,0.902722946,1,M
1.018325696,0.982703162,0.942222272,0.834026686,0.899587355,0.988057213,0.805537896,0.931395571,0.842477299,0.854281821,0.850189486,0.760838195,0.901898245,1.008326311,0.853900673,0.858129074,0.830677301,1.03416174,0.860930502,0.766132941,0.845036626,0.750795531,0.880061831,0.882427049,0.744904973,0.915098787,0.857252175,0.795687164,0.762120687,0.917245608,0.91699042,0.999162615,1.040009205,1.020465727,1,M
0.945344649,0.999229031,0.882613392,0.847863094,0.902520426,0.917686955,0.832330607,0.938216855,0.89917958,1.011544969,0.909466202,0.829606058,1.020137764,0.874307734,0.884834595,0.941912459,0.904389621,0.956782483,0.936698311,1.003725115,0.839463263,0.766990693,0.929191452,0.92076598,0.862301709,0.807427117,0.828987238,0.880277253,0.872037093,0.97128896,0.883819357,0.822761529,0.821482483,0.783015529,1,M
0.824889415,0.885513971,0.899803235,0.974039721,0.852039667,0.84835345,0.823983456,0.942986736,0.77057757,0.865530438,0.814425877,0.792326396,0.801489017,0.791554288,0.925398954,0.946424805,0.919999709,0.898102406,0.873624874,0.810713122,0.821331167,0.836706107,0.881648676,0.833479024,0.800790111,0.793074921,0.826689318,0.858364933,0.840013556,0.935137515,0.851622066,0.911917657,0.906174254,0.898893322,1,M
0.90397017,0.957973729,0.86435794,0.880405927,0.783448877,0.804011239,0.942106013,0.849916334,0.882130482,0.890509725,1.001393038,0.867990765,0.954868161,0.987061892,1.039216019,0.855778869,0.863057527,0.901692508,0.860609077,0.806802523,0.907790527,0.738873323,0.793841019,0.921220097,0.932328569,0.837525938,0.857403181,0.961909294,0.795562317,0.926029542,0.917184598,0.927914097,0.871115944,0.876719482,2,M
0.986673955,0.863197088,1.012440582,0.792545341,0.768988564,0.912322987,0.917047112,0.892836135,0.824163897,0.889043893,0.935242549,0.818863732,0.94834015,0.901769956,0.923871952,0.87195191,0.827625721,0.815558351,0.916397837,0.798345687,0.815926513,0.829282058,0.843487407,0.867164347,0.878275317,0.856289422,0.954161225,0.934320706,0.94026564,0.810065262,0.866610837,0.900444964,0.903818523,0.773995414,19,F
0.764335135,0.711885215,0.639443005,0.878190105,0.834811512,0.832240653,0.82919859,0.673545633,0.734378229,0.936294881,0.763230629,0.842042515,0.96695215,0.755824942,0.765715631,0.960255097,0.939921856,0.790107223,0.783418428,0.864552572,0.776060528,0.911755449,0.876818268,0.757143951,0.803860809,0.800377305,0.859425101,0.739539753,0.818798906,0.802709872,0.752655169,0.873367478,0.786778214,0.798139146,19,F
0.958778355,0.868016559,0.904159491,1.007906958,0.894357275,0.960502019,0.896142278,0.928268797,0.731742563,0.874090798,0.802801134,0.853470474,0.93002895,0.958569704,0.85612546,0.890348114,0.808134102,0.947877694,0.962875997,0.955455133,0.819403726,0.984055458,0.968694011,0.977396549,0.854502543,0.734062682,0.923788785,0.881422834,0.851990387,0.907772185,0.86170818,0.818856893,0.834020299,0.858286073,19,F
1.035199322,1.005485176,0.887713529,1.080250339,1.154422107,0.974110622,1.056541527,0.951043552,0.936913679,1.096805183,0.979009225,1.021871854,0.892980428,1.025423495,1.039058601,0.870901002,0.914675463,1.003733086,1.010831811,0.873370389,1.099860846,1.032230777,0.977131858,0.964662498,0.979694953,1.037924033,1.070746403,1.001289656,0.936579254,0.806503548,0.989297764,0.998408352,0.868884116,0.83838685,21,F
0.902131845,0.900025539,0.787800828,0.85680765,0.801561677,0.809184162,0.819261996,0.767135895,0.796000907,0.890583305,0.751139693,0.837170751,0.819811105,0.911296367,0.921738364,0.803276128,0.781388841,0.886179835,0.809639283,0.742945901,0.804143406,0.965788063,0.672415635,0.826950529,0.876717996,0.863309261,0.695656413,0.896220017,0.834906231,0.777100594,0.846420118,0.817551168,0.758841086,0.715407925,8,F
0.838882331,0.874973996,0.943375662,1.091726318,0.836917241,0.961426427,0.930854826,0.954986593,0.991233628,0.987206087,0.867111481,0.780945097,0.918934391,0.820037273,0.954593363,0.768722837,0.739135771,0.6844573,0.8739366,0.998613017,1.014475326,0.675729188,0.924351889,0.907687642,0.835008147,0.762683273,0.854073618,0.921023164,0.905245397,0.847792934,0.865083056,0.79697997,0.898548931,0.834507072,8,F
0.959078262,1.086200742,0.93362075,0.909134801,0.919685138,1.029294517,0.956287045,0.979963454,0.886087043,0.944640232,0.808306425,0.725840885,1.002127718,1.009530972,0.933420093,0.92107662,0.876934052,1.13982444,1.065672166,0.89354595,0.899585573,0.938305423,1.017779514,0.9001997,1.056854965,0.94226006,0.82346257,0.886988685,0.950111631,0.889559754,0.917538423,1.104662301,0.829529563,0.973635812,11,F
0.878575688,0.814184471,0.935749931,0.848029366,0.906449932,0.790670892,0.900931196,0.898978432,0.795407455,0.956406563,0.942024369,0.818155341,0.92031448,0.880232955,0.911613611,0.894921494,0.893864751,1.02029279,0.842253484,0.898407178,0.894997092,0.888172544,0.838272082,0.878044577,0.941665944,0.810932409,0.849103792,0.885734109,0.881650783,0.725527578,0.95820441,0.849638769,0.884166761,0.850368583,11,F
1.056734468,0.912344362,1.040395873,0.92339317,0.93962157,1.00615,0.912354635,0.966263344,0.740288497,0.993017323,0.889836975,0.906300134,0.950196027,0.974411117,0.854421851,0.842568691,0.734670371,0.979151916,0.86284512,0.896157208,0.778176212,0.842699523,0.923225449,0.927846398,0.835530228,0.896983884,0.920006601,0.807743567,0.770052918,0.810654108,0.932786528,0.897175146,0.934843978,0.898488147,8,F
0.74153495,0.822173141,0.900770595,0.854948643,0.90606766,0.789517449,0.849514074,0.924090556,0.836177543,0.886090859,0.828340829,0.941529384,1.235339244,0.822847376,0.870527778,0.890728882,0.908441591,0.966605475,0.911859514,0.893600243,0.861189404,0.877433823,0.901752862,0.989338602,0.891945935,0.919021033,0.888258223,0.928753236,0.884779285,1.08447258,0.85599772,0.77425663,0.911412233,0.951783165,11,F
0.80761354,0.791828532,0.808105453,0.742516568,0.720760917,0.783800193,0.935092067,0.732881192,0.817721683,0.737591695,0.793355082,0.7462702,0.748658748,0.832114744,0.861692481,0.872176186,0.850006835,0.912306261,0.874840089,0.977543154,0.943433443,0.892322429,0.886578656,0.914672615,0.866408824,0.870168883,0.903934178,0.915187677,0.762803978,0.816570381,0.886453415,0.661487057,0.742695798,0.784278565,8,F
0.966697974,0.959612038,0.929720871,1.094594046,0.904550688,0.857288015,0.936944801,0.965921541,0.890251643,0.881612241,0.904810765,0.730300803,0.873572061,0.922711363,0.9451819,0.959372495,0.914790652,0.886971784,1.005521138,0.873400389,1.026895249,0.91981604,0.949188038,0.808994917,0.956626807,0.907545426,0.940899084,0.973557825,0.862672351,0.866636057,0.889613075,0.841473852,0.749465481,0.873152724,8,F
0.980655072,0.912713815,0.935784917,0.912118524,1.011055077,0.840877707,0.881305695,0.971897407,0.738625579,0.949200411,0.840441784,0.899107588,0.86857942,0.781917453,0.896670594,0.787659571,0.774559619,1.031911569,0.942116521,0.829285379,0.951142131,1.085065626,0.823217104,1.025051523,0.907292212,0.801328432,1.001632879,0.929159633,0.861563325,0.822421214,0.803511062,0.844731046,0.875706726,0.86201669,11,F
0.942479232,0.862292132,0.715759715,0.897297382,0.803315202,0.809421983,0.733288817,0.833133894,0.727004442,0.75780977,0.894272743,0.81067802,0.834785016,0.827125578,0.817412698,0.821060016,0.796984984,0.905128186,0.968566165,0.878338405,0.986373901,1.016974804,0.985212432,0.952175222,0.921977198,0.945882954,0.845878983,0.881661787,0.803708147,0.97976973,0.910353368,1.01063971,0.903134105,1.001624575,11,F
1.177463847,1.023515968,1.047706932,0.902564964,0.844391466,1.167057715,0.794645861,0.999186355,0.798500711,1.019480235,0.782355078,0.684248104,0.946593531,0.786284856,0.861218758,0.882275357,0.955890027,1.071838559,0.92764942,1.048543847,0.924163943,0.784032888,1.075733801,0.93781042,1.063001912,0.862558924,1.018457902,0.807901447,0.820643568,0.794395168,0.928073441,0.833887296,0.878338861,0.830089649,8,F
0.830852583,0.837868624,0.922552893,0.903063062,0.689231332,0.95776712,0.905092858,0.808419429,0.953838926,0.805069504,0.821905719,0.851465836,0.865894851,0.910099216,0.836136496,0.764713127,0.787099297,0.939311801,0.88321559,1.008603732,0.948173727,0.908099087,0.943171008,1.004965962,0.8749239,0.880878982,0.822465775,0.904040694,0.877269256,0.882793833,0.94155398,0.885205729,0.982729589,0.839246715,11,F
0.897285692,0.920068805,0.973531178,0.680708981,0.809037414,0.977463917,0.887475023,0.738551346,0.80474535,0.911299642,0.823083034,0.865781122,0.784922328,0.789338743,0.735856381,0.856338099,0.832387482,0.705646174,0.711119552,0.768852219,1.031120291,0.865730589,0.841532814,0.906396072,0.727429741,0.899837161,0.843028507,0.713150041,0.841707491,0.790739194,0.675651499,0.8627946,0.797657746,0.897071959,11,F
1.010748746,1.002379344,1.018853502,1.040185138,0.944943185,1.003547406,0.90299706,1.037798812,0.874094195,0.953027412,0.881284154,0.893091978,0.941560141,0.974076996,0.816556336,0.864441128,0.710022199,1.070758298,0.914185567,0.970773386,0.914631302,0.830372725,0.998140878,0.909570893,0.978064332,0.84764123,0.90697142,0.922323413,0.847762783,0.906303042,0.90575975,0.775130263,0.863872453,0.882171975,8,F
1.034997591,1.047588807,0.801458275,0.824697984,0.924024621,0.986173367,0.975530987,0.997378877,0.915978994,0.919404792,0.92946454,0.915756481,0.894126271,0.790949688,0.730667952,0.788790876,0.825449068,0.99836888,0.927829951,0.866207496,0.898570226,1.030269341,0.951340664,0.906034876,0.911933227,0.964068705,0.872247009,0.895340975,0.93672184,0.725216456,0.871214209,0.960788999,0.768262666,0.909738201,8,F
0.921001796,0.946630846,0.895437897,0.843275744,0.84094882,0.976132725,0.941559943,0.935573233,0.73076644,0.829933536,0.80316248,0.856863574,0.823509728,0.817971601,0.83756956,0.884655762,0.806573294,1.026817419,0.829501404,1.017278417,0.820033982,0.832857765,0.991079189,0.927409318,1.037762103,0.804331138,0.91378473,0.840497741,0.822200479,0.833457145,0.805797737,0.866961828,0.836938128,0.808722524,8,F
0.939510131,0.846822188,0.815351994,0.787231973,0.73690452,0.835100229,0.757877033,0.803338364,0.762958684,0.714895409,0.82811411,0.933491022,0.93868856,0.877610883,0.822611618,0.631305529,0.859662411,0.965083309,0.890268441,0.863766934,0.954242257,0.863361524,0.973236052,0.819447693,0.886425036,0.766309105,0.917520942,0.895091215,0.766620008,0.870092665,0.865950091,0.892901978,0.931075457,0.862909298,11,F
0.799196013,0.785090185,0.762842528,0.759082765,0.730526652,0.878534704,0.746674189,0.788510686,0.902630313,0.835875639,0.822810403,0.761488275,0.924394022,0.779830824,0.912518695,0.849064216,0.839614323,1.005916986,0.949998636,0.815678541,0.953426811,0.939342122,0.849891645,0.943714982,0.821754174,0.906613661,0.956247198,0.769199597,0.803584044,0.920597071,0.821888639,0.982838575,0.8663987,0.840462305,11,F
1.013335836,0.963964032,0.939615591,0.908738283,0.872636405,1.01927316,0.955191609,1.056872595,0.939959921,0.959102073,0.932234508,0.90453529,0.894192765,0.952799953,0.912196136,0.829174996,0.82563473,0.95881788,0.953450766,0.90269158,0.918786973,0.872539871,1.021118883,0.957161961,0.945237481,0.858609111,0.915363878,0.738180395,0.709048087,0.812383343,0.836663703,0.922874923,0.805395303,0.914774978,8,M
0.87729123,0.937611551,0.823168254,0.852213175,0.870190823,0.853093181,0.909787103,0.838324834,0.850250431,0.744986273,0.738757675,0.924837961,0.813759103,0.789422051,0.793688543,0.731023582,0.780958661,0.877077097,0.960626181,0.849741537,0.853750551,0.936252936,0.859175991,0.940574406,0.832244275,0.890924652,0.816596523,0.926102012,0.886108104,0.745215002,0.733131948,0.751316808,0.921857213,0.864528876,11,M
0.846846731,0.927144899,0.864464259,0.79952335,0.783116137,0.821178928,0.832623738,0.831645544,0.851149744,0.887246389,0.907191126,0.819451346,0.816998826,0.771719413,0.829702952,0.736125821,0.843263397,0.948328926,0.966591372,0.823614319,0.959025519,1.038279699,0.860697288,0.939700444,0.852192014,0.989447104,0.847300087,0.775283365,0.8685329,0.97293779,0.833457829,0.989749526,0.736602367,0.816817697,11,M
0.814048234,0.846256601,0.85537886,0.787392792,0.841450512,0.866890751,0.922592423,0.862907536,0.802684279,0.838741987,0.916573222,0.910534324,0.830306436,0.728647405,0.80552545,0.938583203,0.905257753,0.926021794,0.847344881,0.852606638,0.797779643,0.924047712,0.875176121,0.967528177,0.763583289,0.853999025,0.717708239,0.991113384,0.833465967,0.926983099,0.674056761,0.890043762,0.990432353,0.918028646,8,M
0.818691014,0.909610477,0.667187005,0.859536291,0.880678681,0.751839373,0.754062417,0.793096091,1.077884436,0.985302861,0.919517876,0.933408594,0.832107412,0.961581401,1.023560771,0.889895284,0.96123147,0.812792603,0.830282643,0.724614185,0.805696856,0.933304581,0.749953316,0.781336946,0.780959111,0.958484318,0.91547122,0.874924949,0.82130839,0.774026242,0.970478075,0.831936324,0.753573712,0.923859115,8,M
0.817376987,0.873523102,0.718982691,0.862157223,1.005003327,0.886227789,0.960102871,0.845411479,0.861425537,0.794877857,0.936895498,0.855445255,0.773015309,0.839967943,0.745731413,0.886725924,0.848538611,0.852984409,0.942430682,1.026242817,0.777635484,0.835458154,0.965497434,0.952214966,0.877355585,0.842710034,0.817561012,0.985078305,0.929002749,0.814699159,0.805709107,0.908988073,0.781192682,0.921158649,11,M
0.912489128,0.918047779,0.916388841,0.924672721,0.950675422,1.071782215,1.025984447,0.863755391,0.909530551,0.93834822,0.838344717,0.827147799,0.925691485,0.93209194,0.834706862,0.759900222,0.845530587,0.751390717,0.809996659,0.809560099,1.021249029,0.78598653,1.004577935,0.760297843,0.871394349,0.854532995,0.846362509,0.84909487,0.755281557,0.917142234,0.971397046,0.835078925,0.912123611,0.924151538,8,M
0.98735114,1.021855013,0.995869264,0.91881878,0.918071481,1.043563782,0.948445512,0.843944037,0.907830892,0.790539536,0.670504381,0.706293655,0.764057956,0.851963264,0.819757185,0.861688673,0.852402618,0.844394357,0.829103427,0.989857176,0.918366131,0.891896425,0.911493228,0.911512544,0.926263188,0.897655708,0.801711677,0.951886887,0.904640561,0.89007564,0.919356153,0.908475322,0.740801432,0.930093239,8,M
0.94449302,0.809968637,1.01284553,0.935970905,0.780326115,1.026955684,0.962702657,0.985383605,0.830676492,0.831065939,0.852526751,0.768480533,0.748207776,0.94983742,0.769302576,0.86402001,0.919500434,0.938145548,0.744402513,0.91341731,0.954814412,0.687986082,0.946099553,0.967841356,0.88617689,0.803405546,0.817975363,0.783225325,0.796381018,0.887431321,0.80044398,0.721287123,0.845237202,0.869628556,11,M
0.942286759,0.861510346,0.823772522,0.770564815,0.901717341,0.971933271,0.928092059,0.849686674,0.915975988,0.662900103,0.774532846,0.836176508,0.909716409,0.9127614,0.757381906,0.810821715,0.800154119,0.885951707,0.958794421,0.916762758,0.816389747,0.874326738,0.867603417,0.797683227,0.775531682,0.880105196,0.862949113,0.916407988,0.77355392,0.792488657,0.874356817,1.073419729,0.882821562,0.913655483,11,M
0.924907785,0.805967726,0.687639725,0.861450316,0.889511671,0.832985184,0.903198361,0.859023353,0.85105041,0.853187031,0.860543032,0.8824531,0.934221062,0.89870547,0.877065353,0.828276135,0.783897333,0.852294747,0.825673823,0.894653539,0.834512968,0.918615376,0.918011878,0.819837889,0.871100684,0.950935724,0.784848355,0.861525545,0.845317887,0.780005656,0.750721033,0.965231856,0.977810549,0.996775509,19,F
0.829681737,0.869523816,0.834181582,0.810678217,0.980064401,0.914360124,0.886015925,0.804147536,0.824877832,0.844631515,0.93317083,0.927849375,0.749326588,0.802458729,0.939115912,0.760442822,0.844252909,0.794837218,0.85377001,0.895213725,0.921965223,0.761549836,0.821360757,0.911846995,0.987180115,0.862839638,1.021215618,0.865829475,0.815935354,0.905154503,0.863288073,0.713313648,0.826220006,0.887093485,21,F
0.689075606,0.755084862,0.74428397,0.884490735,0.890740019,0.599313885,0.839288443,0.848571689,0.819065849,0.843515192,0.851271927,0.867864209,0.766296338,0.838388275,0.805143481,0.886758839,0.943142516,0.892487612,0.815472398,0.936344488,0.826850867,0.752939403,0.87660214,0.951704495,0.904116909,0.8567765,0.743706836,1.020230195,0.794125715,0.797066437,0.929138486,0.861820987,0.884557633,0.867415612,19,M
1.02004623,0.841835631,0.881536576,0.948765562,0.902794499,0.829078665,0.866759233,0.836931009,0.802873358,0.810379653,0.901771247,0.921520263,0.828807102,0.80849277,0.780756532,0.792883656,0.865940106,0.856658338,0.844208336,0.970640548,0.942610195,0.948189642,0.939337058,0.804671144,0.872994953,0.84234696,0.806810013,1.007437551,0.839936591,0.816881944,0.871450898,0.742557629,0.893465669,0.793780267,19,M
0.856517815,0.772700962,0.765450345,0.852422105,0.902059293,0.693150845,0.866509427,0.89295996,0.937893595,0.795401071,0.919172952,0.812571351,0.87248625,0.863338472,0.792139546,0.800347976,0.797202932,0.925670386,0.941601119,0.80206663,0.798310205,0.734887234,0.805228149,0.784049898,0.999509595,0.917229516,0.850819093,0.875265176,0.887081277,0.779373902,0.746159563,0.946504884,0.875412655,0.821989056,21,M
0.768912291,0.835683373,0.865162978,0.842996665,0.774336358,0.764097626,0.803389587,0.808266646,0.888675548,0.923115742,0.948985696,0.870842149,0.826517451,0.886143596,0.946480299,0.980628345,0.903714595,0.897605921,0.844217181,0.833704985,0.823900505,0.901259438,0.824841481,0.927850754,0.808834944,0.885376023,0.970653214,0.901069642,0.739681672,0.771085393,0.975026003,0.616691071,0.934267297,0.772578659,19,M
0.857746209,0.889371389,0.796556793,0.83878485,0.877088466,0.831484548,0.819646199,0.845126709,0.87769073,0.778137119,0.896817664,0.855946389,0.948238924,0.852317348,0.937530292,0.862038674,0.853840789,0.885081979,0.849428979,0.760194372,0.8162295,0.886734388,0.816630514,0.894990062,0.853847328,0.779830673,0.83482607,0.824365433,0.884958249,0.724057246,0.806011841,0.859001551,0.901171579,0.888671205,19,M
0.901924016,0.952939151,0.717621573,0.900143947,0.843651718,0.883418854,0.870751297,0.897357047,0.869299639,0.87898268,0.857632362,0.902318565,0.794188819,0.923703976,0.823323989,0.84584442,0.768726924,1.014686339,0.907579461,0.840747512,0.888925053,0.857096602,0.882753271,0.869598063,0.907944408,1.01718405,0.827843393,0.772351309,0.967456676,0.861461179,0.871215207,0.860173923,0.869795094,0.878689224,21,M
0.984906487,0.985033102,0.979095532,0.949294805,0.968404443,0.924007311,0.903575582,0.810787386,0.949630277,0.962655844,0.833310364,0.653354425,0.867486819,0.948938552,0.76506625,0.81470738,0.727779968,1.018693452,0.888848745,0.867988599,0.95114058,0.978860855,0.823789688,1.0285927,0.94509561,0.891868496,0.89588916,0.901420941,0.88465724,0.917399878,0.939983747,0.858366188,0.662359652,0.79559577,19,M
1.034133887,1.050161907,1.052171639,1.093315926,0.931168398,0.952255685,1.050158288,1.18650849,0.967208502,1.011859361,1.092909499,1.034829355,0.891899161,0.992652501,0.895575304,0.83496931,0.84980516,1.072760637,0.970959136,0.940794105,1.007764062,0.979526849,0.926267381,0.909968674,0.895103869,0.981243316,0.948292647,0.83625532,0.982641135,0.949158753,0.825957908,0.843492769,0.753108999,0.866540531,19,M
0.820187268,0.76726965,0.796244893,0.942751998,0.908620912,0.679116913,0.840292326,0.788550787,0.851290772,0.884343067,0.85817693,0.896191548,0.869788962,0.82364036,0.944318612,0.919604302,0.835179886,0.766019183,0.849908276,0.687854514,0.779082327,0.935230692,0.736397165,0.743802735,0.784475753,0.833664443,0.980032246,0.79150798,0.947811955,0.943325051,0.846097753,0.855109329,0.799312371,0.853667554,21,M
0.711481144,0.735312676,0.846624686,0.86763718,0.917861579,0.837441628,0.794378485,0.806333269,0.950624431,0.847815708,0.85420355,0.907377328,0.913064854,0.819168126,0.804586043,0.900586583,0.824160826,0.827747621,0.763750344,0.822223012,0.903231213,0.974239363,0.854011372,0.784943373,0.845234312,0.860322243,0.960046785,0.828218045,0.952316226,0.703284565,0.809161056,0.897232151,0.718454928,0.899540154,19,M
0.959441976,0.979998407,0.755854775,0.873431281,0.939210767,0.818157006,0.843830718,0.959752327,0.807943744,0.956438654,0.871610674,0.992700378,0.941823514,0.928608492,0.882084568,1.001055764,0.905181666,1.006086572,0.900658651,1.002369559,0.89128669,0.899521725,1.045494544,1.00238053,0.909296376,0.921388363,0.853916886,0.879976376,0.989538565,0.912911398,0.836132299,0.954923301,0.842143625,0.990712327,19,F
1.128466413,0.802152995,1.013011334,1.011756236,1.091435623,0.938211036,1.019677171,0.949769925,0.996564394,0.837469822,1.138499851,1.055664291,0.780949528,1.0766023,1.12028055,0.762571151,0.953695122,1.070508948,0.838533561,0.989233585,1.08694459,1.205190898,0.938160443,1.085373089,1.097102798,1.002852598,0.732448763,1.095689151,1.01174933,0.860879295,0.988233951,1.135661894,0.790678872,0.990423349,19,F
0.880546166,0.948479201,0.815416353,0.823556839,0.684850094,0.932306384,0.759155514,0.852584244,0.879661493,0.975856131,1.021752327,0.969906771,0.906184441,0.907485391,0.760408718,0.839902858,0.896476417,0.896997873,0.994948409,0.830435633,0.905024868,0.808218571,0.94946584,0.793484141,0.921305721,0.847913385,0.927030758,1.028961818,0.997781168,0.783676633,0.773901838,0.791947472,0.738469739,0.727987584,19,F
1.03103326,0.889296114,0.926775797,0.891614866,0.845209038,0.985076427,0.871971375,0.825680248,0.822829126,0.868257116,0.887807259,0.890777505,0.927439263,0.849032471,0.815628119,0.81360853,0.876719726,1.030501032,0.670305894,0.773502371,0.804068789,0.905303002,0.878338627,0.888036904,0.800787335,0.94922236,0.818004901,0.897336304,0.817438533,0.850257189,0.784896809,0.829935013,0.812020772,0.797933469,19,F
0.849852131,0.848595022,0.849116335,0.828306243,0.947230048,0.853091179,0.856689795,0.80329684,0.856599249,0.868449987,0.945710908,0.856218636,0.92639432,0.913377588,0.830831648,0.849749025,0.90167086,0.782276839,0.883700358,0.861307262,0.917281021,0.881658969,0.876924711,0.869098843,0.937564062,0.738315456,0.952772462,0.917302344,0.816522722,0.90007847,1.017220996,0.844028586,0.883453376,0.7672637,21,F
0.899595344,0.855074239,0.857278167,0.844143343,0.839805019,0.997752511,0.865134996,1.038545402,0.936755668,0.921072574,1.020068079,0.788721756,0.940973064,0.81048677,0.870459158,0.828436315,0.693120613,0.948607381,0.896251914,0.856598641,0.88412388,0.933491506,0.875178963,0.954313993,0.818921137,0.717451726,0.833728462,1.054384305,0.809879017,0.937169402,0.929615321,0.785116362,0.925525461,0.858309384,19,F
0.859325472,0.73446558,0.825119907,0.646062353,0.981806362,0.810676807,0.927954558,0.904913737,0.804770306,0.851339479,0.824408243,0.854059296,0.701288514,0.805097593,0.82035677,0.81838042,0.77754868,0.925159314,0.913926674,0.846666796,0.861491345,0.950697225,0.944444025,0.869955343,0.787991222,0.854255067,0.832902055,0.682988595,0.580593713,0.907063446,0.897750387,0.793131117,0.688263881,0.827240989,21,F
0.963965579,1.032520074,0.954487486,0.977543332,0.84935454,1.063655312,0.963694307,0.897374348,0.921836968,0.961423024,0.832041208,0.902798582,1.009431811,0.81778511,0.863187415,0.853575958,0.968777915,0.808812697,0.960158429,0.895088169,0.89385415,0.730849386,0.94687724,0.743402649,0.883902758,0.967044151,0.806563317,1.016600264,0.90291259,0.719764858,0.872928007,0.863852307,0.958170314,0.944630096,19,F
0.842494663,0.748143054,0.744888459,0.738623148,0.897869338,0.981975709,0.939553227,0.86766893,0.868506463,0.830307839,0.786340127,0.7724613,0.712023352,0.799128993,0.810497359,0.829737637,0.801981716,0.837598765,0.765500759,0.804703752,0.820548739,0.728047678,0.813196373,0.774926011,0.85562244,0.831912855,0.904208298,0.884703318,0.861222147,0.876643215,0.880702746,0.823051561,0.89329964,0.795260311,21,F
0.886756965,0.91936111,0.810083751,0.864273059,0.90483935,0.859735739,0.860347514,0.869233235,0.816898451,0.900955351,0.878928205,0.899981984,0.880847916,0.915433246,0.931811752,0.897048229,0.935390442,0.998403599,0.863164486,0.837569543,0.859930263,0.940390698,0.858237854,0.876395237,0.877305441,0.867553535,0.932080718,0.875192914,0.852445956,0.788830296,0.794810585,0.932244692,0.849925611,0.842257228,8,F
1.082629422,0.971433033,0.936255594,1.023956417,0.932003927,0.967281995,1.035431952,1.010396177,0.82086231,0.926217465,0.744099585,0.767689252,0.880825821,0.816466309,0.850827519,0.738053139,0.742074013,1.028085265,0.837604532,0.96951507,0.900292768,0.781150626,1.019633432,0.948424474,1.020743166,0.878069779,0.814094926,0.833756188,0.812026405,0.757719997,0.918511304,0.818657553,0.754151813,0.729259448,8,F
1.024627113,0.879724512,0.879941612,0.877297578,0.837154306,0.900011008,0.916299497,0.912761642,0.724792768,0.71763252,0.961139194,0.810133185,0.877568657,0.928283679,0.911168144,0.790300845,0.905576826,0.999948664,0.848366653,0.965782648,0.983521647,0.744871795,1.015282521,0.831566468,1.015267924,0.923253989,0.811526715,0.702516408,0.825944228,0.899714875,0.860727209,1.022676977,0.884659992,0.847950359,11,F
0.784102767,0.689227211,0.862731707,0.83959472,0.937222158,0.916510648,0.874788,0.867993969,0.861605933,0.774328361,0.667071327,0.659836916,0.820059709,0.764432443,0.70309879,0.819447635,0.807383723,0.966819225,0.930589652,0.936854615,0.881870793,0.87528055,0.994644283,0.890904265,0.912270313,0.885896857,0.848475381,0.715660065,0.768258266,0.995622796,0.756695687,0.85644336,0.824368539,0.772639281,11,F
0.962598969,0.950171374,0.975275157,0.798463135,0.836540036,0.993943467,0.891943913,0.929183355,0.84189148,0.968245409,0.905133358,0.849268195,0.90899792,0.852203183,0.956156169,0.879289745,0.912769025,0.967531831,0.896009209,0.986749981,0.842777261,0.904590186,0.998115475,0.868404294,0.941484414,0.848517522,0.973438053,0.99541377,0.95735552,0.861468194,0.818332303,0.824610666,0.81625158,0.77951822,8,F
0.972399616,1.003944568,0.908132212,0.894412021,0.981710818,0.890615465,0.923605003,0.944217883,0.95028216,0.959903925,1.003366606,0.917537451,1.076115491,0.917416118,0.99357485,0.863677637,0.975707283,0.983727747,0.99077516,0.924813576,0.923051363,0.925026048,0.947081677,0.970954451,0.906133901,0.992819619,0.955591546,1.015115236,1.025261676,0.998036613,0.932438002,0.945830323,0.881500265,0.871958205,8,F
0.772397941,0.767278523,0.699274027,0.767704434,0.793260573,0.75044807,0.758149632,0.777824186,0.811015141,0.77773523,0.941756601,0.904465809,0.88992613,0.826548147,0.751752996,0.810100656,0.806014575,0.824543975,0.96679685,0.717234461,0.71277289,0.865633793,0.747306838,0.822805702,0.792347781,0.726201634,0.813804479,0.901895063,0.965129772,0.952633975,0.812914346,0.804772837,0.823276841,0.94441648,11,F
0.782696082,0.709664748,0.794274303,0.817883792,0.850753963,0.809976891,0.858446147,0.712008952,0.934250691,0.766159977,0.852080176,0.753159453,0.792368747,0.730427896,0.832017345,0.77932628,0.776102343,0.744873288,0.676262883,0.83862621,0.785130868,0.760549742,0.733127389,0.853655028,0.762370475,0.876011062,0.963411924,0.691871099,0.732143421,0.668248702,0.732653703,0.807418066,0.708610852,0.744610116,8,F
1.11226488,1.109051795,0.956733677,0.974716311,0.948982079,1.104155419,0.891444744,1.137085025,1.037156843,0.905416951,1.084282193,0.981288341,1.122651903,0.996872308,0.847335714,0.850647036,0.834013785,1.13478537,1.147641273,0.874302914,0.941056103,0.972639029,1.050807348,0.981625924,1.084833037,0.766829637,0.850948739,0.928176769,0.959660543,0.914233688,1.0128156,0.854630863,0.795160114,0.756734129,8,F
1.046770429,0.972111928,0.920319948,0.982728693,0.979527637,1.071865333,0.974793024,1.06037853,0.746584246,0.895726024,0.739930794,0.895540489,0.83240194,0.911013247,0.977807498,0.770237895,0.889715841,0.966410121,0.874362177,0.990196889,0.910832938,0.903727468,0.99705343,0.918139975,0.900530629,0.925865607,0.886626902,0.847943596,0.874769935,0.808642004,0.901291127,0.83921365,0.804024095,0.806434239,11,F
0.789112945,0.846882769,0.653490665,0.882779634,0.724216828,0.714049051,0.633168017,0.791904071,0.77008446,0.855779929,0.693044029,0.938811348,0.814434422,0.891797611,0.825177192,0.810462219,0.814990034,0.980422662,0.925860117,0.943073695,0.901767091,0.917207095,0.908933154,0.909616124,0.942882121,0.782351896,0.930634958,0.835535443,0.685180367,0.94279938,0.873933203,0.809951514,0.968228434,0.781031906,11,F
0.950649279,1.092506815,0.846073585,0.839229864,0.918331812,0.91403826,0.888618251,0.979416164,0.846532454,0.949931519,0.867304299,0.801371382,0.940949233,0.801974355,0.961429378,0.7707317,0.765276488,1.033979757,0.945491583,0.935852697,0.782178152,1.01868011,0.949981318,0.968678969,0.861563627,0.881663429,0.932756892,0.700403604,0.812326803,0.821275239,0.949823077,0.767415319,0.782436364,0.739267837,8,F
0.897829688,0.945181061,0.844398016,0.881020243,0.776304394,0.842549024,0.89970657,0.878886716,0.77540045,0.687243991,0.785653672,0.859517274,0.92776977,0.671557773,0.818856752,0.896188977,0.87642301,0.843564267,0.91276317,0.827023855,0.851536508,0.881812693,0.736784184,0.869100822,0.721848283,0.796704511,0.883876832,0.871123358,0.749154671,0.747468245,0.793530149,0.897076345,0.873650169,0.821171419,11,F
0.806111202,0.799879835,0.819258625,0.859589802,0.820137717,0.817084016,0.89487117,0.918140654,1.999999963,0.866500032,0.770758879,0.811566149,0.763008686,0.899083476,1.999999963,1.999999963,1.999999963,0.788888091,0.788737153,0.774766505,0.784690935,0.933968951,0.828133951,0.759076573,0.971785488,0.699995902,0.830100382,0.708140732,0.745560922,0.943879801,0.884643531,0.752118502,0.727619689,0.721063534,8,F
0.849028966,0.862780149,0.934310013,0.899228676,0.843438076,0.778874037,0.86296531,0.843507529,0.883350013,0.799236284,0.823948212,0.87937523,0.856432625,0.818099303,0.934812175,0.89003218,0.843711011,0.882443508,0.896601997,0.801469024,0.885739359,0.844791205,0.81218833,0.869958612,0.875225863,0.84321165,0.781501099,0.784999761,0.86118674,0.847339846,0.728658358,0.836195893,0.915004503,0.927728181,8,F
0.994077637,1.063141626,0.85659712,0.900306317,0.796370182,0.921661819,0.890228523,1.042039746,0.800956975,0.810554888,1.066464336,0.933000836,0.83340489,0.910345347,0.749898611,0.852726793,0.802880168,0.995898905,1.08544148,0.936678333,0.807569805,0.910006121,0.899446804,0.920789342,0.931357413,0.867552034,0.826737597,1.102461345,0.953202821,0.882855203,0.806432968,0.823348906,0.930984627,0.811911953,11,F
0.905644618,0.984646231,0.814107405,0.857523881,0.885146865,0.869142152,0.926980465,0.917154209,0.831483356,1.007274496,0.827348396,0.813389159,1.154612771,0.814793976,0.976904482,0.919819486,0.87055246,0.959662343,0.912877081,0.94192724,0.901253374,0.832995247,0.95666099,0.930181466,0.93899087,0.907201086,0.910005123,0.859862775,0.758201171,0.793213069,0.76996016,0.902484223,0.984077855,0.965750384,8,M
1.185712805,1.203221853,1.099933757,1.061262558,1.079726085,1.088245179,1.05612723,1.066900307,1.028784545,1.009380822,1.13329486,1.053685003,1.073807067,1.1628293,1.070974124,0.935141961,1.019697072,1.135565948,1.136834848,1.030446741,1.075372281,1.140717435,1.103745467,1.081830362,1.09093561,1.078622135,1.13306458,1.175775228,1.048457408,0.96949309,1.180224357,1.113414643,0.975815684,1.15159919,11,M
0.918465426,0.9417876,0.749761829,0.876921054,0.870572127,0.799694537,0.861740705,0.90136945,0.913432367,0.996663812,0.961104415,0.906615404,0.898440713,0.894452908,0.888771476,0.702616632,0.859271713,0.848112738,0.953930134,0.821750292,0.984492364,0.916330595,0.791188629,0.963155721,0.904141544,0.927317757,0.938331308,0.908270986,0.887065808,0.963797423,0.890806233,0.961464754,0.864733074,0.904779774,11,M
0.961355147,0.846597795,0.881042149,0.901046498,0.823492873,0.960387057,0.805783547,1.00070877,0.87659579,0.854871221,0.838734018,0.873618461,0.954455468,0.940614165,0.844445551,0.964331412,0.868605856,0.837107286,0.879036121,0.873368468,0.999315743,0.897260769,0.881963131,0.808565196,1.00865812,0.913061057,0.795407088,0.862650013,0.877479226,0.878868912,0.946770961,0.818107123,0.860735817,0.785920512,8,M
0.787971608,0.850223365,0.914319404,0.808259085,0.876035006,0.905467474,0.847044043,0.907949408,0.840387604,0.871574297,0.724707405,0.917675035,0.803094376,0.814161019,0.861268828,0.740124273,0.722945741,1.055210272,0.956619173,0.82470937,0.875811291,0.866610237,0.828657532,0.817409428,0.767423884,0.82224332,0.817180699,0.796137844,0.902295129,0.857457957,0.99738357,0.888016416,0.939593863,0.842320333,11,M
0.78444438,0.810507413,0.850345226,0.779567238,0.816600062,0.816255729,0.767974198,0.917354376,0.757382459,0.740706902,0.782160135,0.739921667,0.794907543,0.774795226,0.699272614,0.755649263,0.883218446,0.782293678,0.908246467,0.932162095,0.855653166,0.820595318,0.95533911,0.871359424,0.875150518,0.898351275,0.868336287,0.728668312,0.899546083,1.032795642,0.745047828,0.815387423,0.759633952,0.758941341,11,M
0.821329594,0.946979675,0.815939013,0.89456255,0.851527205,0.854283922,0.879681744,0.739061579,0.862694849,0.750864517,0.846015172,0.795736443,0.781174719,0.837694094,0.946156295,0.779799448,0.885068915,0.877144839,1.035057908,0.731310814,0.814299278,0.844280254,0.914727719,0.913694953,0.730611387,0.729980326,0.739836049,0.933787446,0.888728668,0.741646358,0.840172373,0.743280601,0.755277047,0.734451546,8,M
0.916828495,0.809702587,0.814357816,0.841205989,0.829216574,0.999202807,0.946925164,0.973380553,0.764276992,0.818509372,0.792283484,0.8556549,0.887367818,0.903372729,0.805804007,0.699048796,0.704242998,0.843344899,0.848475414,0.934240326,0.856411187,0.86438046,0.9265205,0.844144923,0.844764062,0.881134674,0.976583348,0.756960872,0.840816445,0.820977381,0.853238565,0.754973658,0.96627333,0.80741727,8,M
0.864330491,0.820324144,0.807916978,0.923102894,0.979308739,0.814527945,0.784412486,0.772517636,0.790757719,0.862000072,0.947585771,0.823710731,0.838854705,0.808186481,0.832056731,0.845872783,0.840675756,0.828762466,0.866595944,0.910637668,0.881875325,0.881104257,0.781046289,0.873755309,0.714741702,0.855488072,0.811382802,0.867051576,0.88974232,0.860948438,0.839007041,0.777321834,0.793571093,0.826385465,11,M
0.668472729,0.612423743,0.678942519,0.7546338,0.632403478,0.697559842,0.688654048,0.759707147,0.757966038,0.89898785,0.563823051,0.669212922,0.833737875,0.720619516,0.831624359,0.747828822,0.813567488,0.794706591,0.706042848,0.737270595,0.868769902,0.743169958,0.879273326,0.856848977,0.811525992,0.680534746,0.839071829,0.52743599,0.747647776,0.794350484,0.759927515,0.605004322,0.710393631,0.752470823,11,M
0.963613247,0.972607359,0.85537868,0.945573075,0.959531622,0.793408383,0.923458694,0.925152096,0.958086012,0.894559961,1.028452942,0.859433841,0.843045215,0.950445448,0.772539322,0.849593646,0.853768962,0.963618182,1.008916378,0.956820705,0.980961415,0.959102081,0.850387341,1.021777083,0.894872076,0.855590508,0.957806371,0.958932895,0.920529264,0.913610357,0.859752237,0.924085167,0.950456819,0.866020969,19,M
0.902114451,0.905898995,0.781918053,0.884841625,0.754742477,0.927204947,0.815781245,0.774300509,0.755678456,0.905497824,0.829998211,0.808475454,0.906866915,0.908848591,0.916651898,0.887709935,0.916167249,0.888491514,0.887647549,0.844217198,0.807418629,0.727116798,0.851497194,0.870062853,0.977717794,0.973352672,0.861693974,0.87190439,0.828628937,0.903087641,0.870543918,0.758153689,0.88089519,0.817281827,21,M
0.71155455,0.781343517,0.79807031,0.91220647,0.786299656,0.891653117,0.818241746,0.779301628,0.952034643,0.905732749,0.845296374,0.731496972,0.865663124,0.81457021,0.856554441,0.786332218,0.761945919,0.97562066,0.921735001,0.865313489,0.806813409,0.829988427,0.879076631,0.895471023,0.85662524,0.860439552,0.762634056,0.857964887,0.818436576,0.89730013,0.828875975,0.829447335,0.711060136,0.80552935,19,M
0.889567308,0.831518712,0.965657941,0.992034284,0.907139829,0.959288985,0.777990902,0.951608471,0.863626842,0.838174365,0.896668699,0.862927745,0.917931082,0.905464111,0.844450913,0.883952715,0.754660426,1.010205732,0.956512597,0.870481154,0.973390002,0.92018097,1.026906589,0.8558708,1.006483869,0.9005633,0.923864577,0.992350833,0.913076913,0.861143878,0.780107688,0.947870769,0.887713779,0.859244192,21,M
0.826237681,0.836166246,0.772012,0.826454334,0.811248996,0.769569998,0.867770892,0.800338561,0.811487509,0.796865382,0.782493354,0.743467406,0.916659296,0.781653204,0.764422283,0.800425961,0.731003167,0.866685383,0.779192482,0.815601966,0.844741248,0.935674027,0.784757298,0.842766983,0.814563046,0.812940046,0.880064678,0.852815011,0.649953654,0.726709121,0.877963098,0.8064825,0.798472817,0.779070431,21,F
0.88673959,0.744287918,0.883831217,0.852845015,0.854710713,0.886140411,0.944692901,0.873283218,0.914071202,0.928192048,0.874333088,0.772430927,0.927637548,0.819204849,0.827001479,0.842197126,0.9087616,0.786086997,0.800701561,0.77430545,0.770846824,0.800760569,0.78338996,0.79842435,0.782727912,0.868341996,0.867789412,0.880045001,0.859334853,0.947666774,0.741029331,0.822525684,0.9223955,0.942197042,19,F
0.882917974,0.879161873,0.842901927,0.794611839,0.875572111,0.870375595,0.877490133,0.816658636,0.85270046,0.791814321,0.889332974,0.899532596,0.975955526,0.863030867,0.844106136,0.927204928,0.900741137,0.837376102,0.818953524,0.885654721,0.82834182,0.79533165,0.896055937,0.913403516,0.803635658,0.89797695,0.794965488,0.837972414,0.743414247,0.945517261,0.821197281,0.871076604,0.912228955,0.958153,5,M
0.96701565,0.976677771,0.943740267,0.965270292,0.916966504,0.898464326,1.005086411,0.948596633,0.995303578,0.859789668,0.785751334,0.760969147,0.873470192,0.97217493,0.859061918,0.874308499,0.917790545,0.927734832,0.897338274,0.908943153,0.908856407,0.94980983,0.990975672,0.963908132,0.921124769,0.942806545,0.890885326,0.772026426,0.831564993,0.797006818,0.910910919,0.770110636,0.913452507,0.935877557,5,M
0.926161026,0.913881424,0.922997421,0.959787964,1.003429442,0.87027877,0.870503881,0.927551367,0.818388865,0.840979051,0.789704037,0.881290433,0.875913001,0.841820512,0.864520245,0.744609435,0.943809504,0.9028078,0.849976124,0.875481427,0.954574791,1.025259915,0.919977171,0.926998042,0.884918331,0.980305411,0.921533133,0.754645332,0.777648244,0.771401863,0.888721338,0.832727872,0.921896771,0.890445536,5,M
1.103900362,0.921332388,1.001179318,0.940083362,0.970728531,1.012377122,1.031030904,1.006561068,0.899302831,1.02057949,0.997514645,0.75687817,0.810724585,1.089905922,0.85028338,0.890800871,0.849680372,0.952464458,0.844781847,0.940829483,0.870287274,0.949047404,1.027646836,0.968708813,0.983878407,0.922103949,0.996660773,0.811492004,0.747019493,0.887734641,0.775746815,0.773116685,0.798661913,0.842004752,5,M
0.964208419,0.870016768,0.863424818,0.921149653,0.877280024,0.901187394,0.92607928,0.872445111,0.769428974,0.838528275,0.683537592,0.804253309,0.833589785,0.729084726,0.862264096,0.797095778,0.859595049,1.067515104,0.660367958,0.920532147,0.870233542,0.765423819,0.992536315,0.772047923,0.845405066,0.717693423,0.766491903,0.926012825,0.847814628,0.812351974,0.744975523,0.679373333,0.873203997,0.808342582,5,M
0.987249407,1.020626455,0.92164843,0.917466215,1.059894081,0.917015334,0.983518786,0.960125028,0.884702123,0.916820675,0.858289875,0.812561266,0.972580027,0.84544443,0.9252615,0.781936367,0.78952544,0.904508918,0.826026358,0.879992523,0.946421712,0.92206102,0.988963708,0.992950843,0.954862381,0.941717248,0.876855319,0.849028393,0.808591193,0.806931839,0.747452336,0.92781273,0.821236383,0.820410706,5,F
0.853161552,0.944202251,0.83368381,0.831877632,0.866202282,0.883850571,0.964058871,0.938610122,0.754621528,1.003251174,0.924951471,0.868894524,0.942123475,0.976255777,0.916373539,0.835783555,0.819838422,0.984832005,0.846326837,0.948441032,0.878666787,0.815769984,0.880571293,0.962748023,0.935006728,0.890629615,0.848162884,0.845195468,0.847445516,0.802997367,1.028279899,0.93140637,1.001554237,0.987767346,5,F
1.114420036,1.021790116,1.068784013,1.011613803,1.02107017,1.076722722,1.084545707,0.979246673,0.970571885,1.008851695,0.882163327,0.994104114,0.815099464,1.063004157,1.040227594,0.906078842,0.994354339,1.16667103,1.030750926,1.083746678,1.077088381,0.986894366,1.104568506,1.125216562,1.186103014,0.919889453,1.092123923,0.901944245,0.868823396,0.849289874,1.008575286,0.849086543,0.906171948,0.877446402,5,F
0.880313474,1.057904416,0.972853193,1.079781989,1.047614362,0.856230855,1.009136615,1.050486306,0.916716623,0.773695931,0.920216765,0.798202476,0.847323327,0.809550018,0.799962798,0.722561185,0.801006137,1.04546071,0.966226115,0.988075773,1.0337986,1.038554747,0.915284053,0.949169973,0.985234574,0.941588856,1.02528677,0.748357697,0.778505052,0.918888496,0.88753086,0.862874692,0.935156542,0.870101123,5,F
0.817851165,0.848300526,0.810566467,0.755149776,0.804772182,0.889078305,0.895104949,0.952317431,0.894474207,0.864699456,0.842000879,0.864712542,0.794536372,0.738993102,0.863184711,0.744772402,0.68794569,0.777829844,0.768388818,0.795312707,0.919534004,0.906343761,0.82517492,0.910423174,0.762126848,0.692732715,0.95205447,0.696521505,0.806869754,0.870602368,0.797228289,0.934528147,0.898642977,0.89518399,5,F
0.885094177,0.93474087,0.886085544,1.11153711,0.866507244,0.869743768,0.769579974,0.902452244,0.913576946,0.760101392,0.850202563,0.829730829,0.85142615,0.916105846,0.915772506,0.802843265,0.877636503,0.898633891,0.780220801,0.95461337,0.83079027,0.899588582,0.893806991,0.906430638,0.988103881,0.972847958,0.787473959,0.867984863,0.761444741,0.845145313,0.840955659,1.001269818,0.923264265,1.01877402,5,F
0.976641227,0.84407994,0.988737404,1.072463538,0.951405598,0.829361729,0.981213212,0.914087322,0.854854322,0.882049244,0.803598072,0.83737305,0.853969871,0.74402084,0.841130478,0.84152814,0.819990913,0.931895392,0.892741752,1.060290781,1.023823529,0.871021927,0.902496399,1.009324819,0.84767739,1.999999963,0.812335329,0.811936759,0.871822687,0.94710747,0.838503525,1.999999963,1.999999963,1.999999963,5,F
0.813278793,0.798530087,0.815834088,0.900839446,0.860507034,0.787911846,0.812908609,0.791363295,0.801013819,0.847860915,0.818871718,0.806987652,0.880390393,0.825814619,0.760763246,0.717502909,0.865101957,0.815793656,0.855709101,0.822865439,0.746741269,0.804721001,0.784957685,0.787111462,0.822693003,0.706575982,0.858430018,0.882893122,0.880399458,0.797236329,0.888595409,0.707724845,0.789956119,0.834997253,5,F
0.930023491,0.86895938,0.944432158,0.932526399,1.001304303,1.04269164,0.958652795,0.831253028,0.823346658,0.815727986,0.784675234,0.809344938,0.833851631,0.852120866,0.783677714,0.969725868,0.829161543,0.834287695,0.854780807,0.907748631,0.859166574,0.933044222,1.035250601,0.95572021,0.970354638,0.808349726,0.915933536,1.312243269,0.935502188,1.002114017,1.001598281,0.851173868,0.827108794,0.89849195,5,F
1.0103906,0.981336094,0.962690714,0.780188131,0.882493513,1.014607491,1.004824562,0.913352219,0.918589596,0.898003942,0.824170873,0.713666617,0.817266638,0.77570116,0.869928539,0.803768649,0.706377381,0.895335228,0.901748869,0.996279746,0.901807736,0.903757398,0.966493511,0.793074497,1.045111985,0.800020704,0.886727591,0.817281935,0.763379047,0.812683529,0.76819705,0.729285016,0.816253569,0.75081775,5,F
0.736654407,0.683556184,0.946549581,0.802799513,0.762768162,0.746829619,0.772678244,0.891664591,0.760903553,0.828555012,0.685963418,0.754961424,0.869279837,0.65144397,0.740152078,0.920798551,0.805815032,0.856250742,0.883620964,0.823853045,0.905943259,0.831393918,0.866821746,0.846039192,0.775058504,0.842412762,0.960926508,0.683796719,0.867748278,0.84507993,0.818989949,0.718051019,0.793944928,0.853091509,5,F
0.889108443,0.851726157,0.794233748,0.867717174,0.89396694,0.845542238,0.881304668,0.820835193,0.829368756,0.841202111,0.806766879,0.769479712,0.918004847,0.854319986,0.780761328,0.962183954,0.929910657,0.821799784,0.78663479,0.839572936,0.839425055,0.701301619,0.841251513,0.771406819,0.800684682,0.940707965,0.896608138,0.925475103,0.910139342,0.84761968,0.865684569,0.787819038,0.846151838,0.760791997,5,F
0.931192145,0.837843276,0.881408431,1.011357033,1.003663743,1.012058247,1.010165035,0.912461795,0.807234998,0.87989226,0.941543826,0.985785149,0.785868925,0.817374133,0.907541367,0.726627995,0.814875316,0.971897904,0.846286045,0.943648315,1.019406378,0.965205036,1.048309895,0.939357897,0.935889913,0.767762237,0.998547278,0.795679371,0.861611268,0.851568239,0.860074119,0.794402396,0.70769823,0.7507329,5,F
1.001809003,0.884985332,1.100712162,1.150955248,0.984060767,1.101250025,1.024225393,0.96301513,0.907066956,1.036593244,0.797520468,0.875738599,0.782877886,0.801047909,0.857001078,0.813229031,0.914200457,1.07330509,0.747319857,1.005562948,1.114926705,1.051557924,0.96458066,1.037732134,1.024139092,0.763119251,1.041635714,0.831190404,0.841228798,0.838719863,0.852162458,0.784768575,0.840439223,0.890451643,5,F
1.064889142,0.967697039,1.011783405,1.054266124,1.064543622,1.010785783,1.054639162,1.014655851,0.867912539,0.991236137,0.861163391,0.946991148,0.95346026,0.829838425,0.875147651,0.837791773,0.863524996,1.021103995,0.858478549,0.966172635,1.024577346,1.091680715,1.024978453,1.092514857,0.976783826,0.953222371,0.965466686,0.962030673,0.865845674,0.974256954,0.874880718,0.946285923,0.75292776,0.68955971,5,F
0.978595385,0.945943366,0.905972841,0.922674846,0.904950683,0.909527244,0.853151321,0.933019033,0.914864123,0.880457835,0.924737062,0.8475924,0.918209279,0.859457925,0.790248202,0.861843783,0.786795551,0.912205329,0.960504576,0.921177572,0.808620916,0.974706923,0.928553617,0.84436389,0.873349271,0.917956235,0.942911692,0.88537417,0.750009322,0.948740765,0.780410876,0.916415007,0.815753943,0.868841111,5,F
0.910420055,0.802497829,0.803029033,0.958261756,0.699723371,0.878686555,0.648780014,0.872794625,0.853672756,0.977638556,0.866719574,0.876385781,0.810516295,0.769559956,0.764128693,0.727598001,0.76151268,0.952364042,0.905473126,0.946315704,0.86956837,0.887074094,0.854012352,0.904843056,0.952843429,0.833156124,0.813616386,0.842320856,0.971447316,0.793145256,0.819817223,0.941793556,0.821108487,0.817284588,5,F
1.052911211,0.811883555,0.899550497,1.009872874,0.938825915,1.000948763,0.994293942,0.872599902,0.795077326,0.844113509,0.693444016,0.973557033,0.867790295,0.833078502,0.901301985,0.8489462,0.968241604,0.98660742,0.689413457,1.072127029,1.029840698,0.910301848,1.017431997,0.991077365,0.959766763,0.932045487,0.949820689,0.795101384,0.85133449,0.867137928,0.880669702,0.897977092,0.790178246,0.862025991,5,F
0.995348809,0.969816321,0.89898125,1.005666432,0.89693069,0.911158202,1.038704464,0.965486203,0.921105872,0.886676888,0.952002345,0.984586261,0.894127477,0.952912819,0.867481181,0.882553374,0.890491043,0.966388321,0.849698407,1.019180279,0.865194948,0.877323107,0.987267393,0.820975193,0.863505706,0.79308492,0.885881057,0.865987236,0.848594196,0.897699056,0.881510879,0.913396144,0.862244348,0.704955448,5,F
1.043288946,0.893628699,0.961578942,0.958579568,0.941665022,0.838889207,0.934071872,0.74373945,0.831938322,1.062213033,0.830528793,0.791611659,0.843243443,0.759449432,0.778236346,0.839884407,0.800215233,0.871405713,0.89411584,1.000805428,1.011412819,0.822936079,0.824947373,1.003433897,0.950768591,0.886484866,0.935991667,0.936747238,0.773577451,0.908131425,0.818133641,0.903009165,0.845336323,0.846108197,5,F
